v0,v1,v2,v3,v4,v5,v6,v7,v8,v9,v10,v11,v12,v13,v14
2.451574816,2.785209998,2.891338237,2.331571154,3.054093204,3.11559508,2.288319834,2.463075167,2.441074496,2.465325236,2.598204291,3.006716758,0.600143315,2.232693136,2.782459914
2.402823328,2.788835108,2.90421363,2.351571764,3.055968261,3.118470168,2.189066805,2.408573504,2.438699423,2.747958861,2.564203253,3.007716788,0.594018128,2.263319071,2.755959105
2.178816492,2.77445967,2.896588397,2.294320017,3.049218055,3.115970092,2.16006592,2.450949797,2.429699149,2.82821131,2.558828089,3.009466842,0.595018159,2.451824824,2.778459792
2.190941862,2.791710196,2.895838374,1.866056948,3.046217963,3.118720176,2.139940306,2.40582342,2.401323283,2.724833155,2.367947264,2.984591082,0.595518174,2.241943419,2.828086306
2.154690756,2.790335154,2.91733903,2.206442335,3.042717856,3.11884518,2.138940275,2.431949217,2.422323923,2.101064119,2.920339122,2.987716178,0.593018097,2.245818537,2.699582385
2.249818659,2.794210273,2.920839137,2.219317728,3.042967864,3.10771984,2.062562944,2.440199469,2.423073946,2.435074313,2.939089694,2.987341166,0.593268105,2.153690725,2.762959319
2.262694052,2.791960204,2.909838801,2.254318796,3.040717795,3.11459505,2.034312082,2.449449751,2.434949309,2.539077486,2.946964934,2.96746556,0.592643086,2.363947142,2.73908359
2.138190252,2.786210028,2.904713645,2.192441908,3.039467757,3.110969939,2.031687002,2.413073641,2.442824549,2.562953215,2.951590075,2.987841182,0.594768151,2.612204718,2.843461776
2.016311533,2.778584796,2.918714072,1.996935942,3.023092257,3.115845088,2.077188391,2.3330712,2.376197516,2.642705649,2.938839686,2.978465896,0.592018067,2.624830103,2.779459822
2.005186193,2.808960723,2.911713858,2.028686911,3.024467299,3.107969848,2.138815271,2.394073061,2.350321726,2.640330576,2.956840236,2.989216224,0.594143132,2.653330973,2.843461776
2.081063509,2.795835322,2.9130889,2.077938414,3.022217231,3.113345012,2.156065798,2.347571642,2.366322214,2.652955962,2.942214789,3.003966674,0.592268075,2.6673314,2.852837062
2.091813837,2.805460616,2.905088656,2.176566424,3.013466964,3.111594958,2.109189367,2.384697775,2.412198614,2.663581286,2.930714438,2.996091433,0.594268136,2.595829218,2.836211554
2.176066408,2.798335398,2.896463393,2.067688101,3.008591815,3.113470016,2.113439497,2.388697897,2.429824152,2.669831477,2.904088626,2.984716086,0.591893063,2.445199622,2.811585803
2.087688711,2.791210181,2.89733842,2.15581579,3.000466567,3.108094852,1.979685415,2.35207178,2.439699454,0.005375164,2.907213721,2.979340922,0.591518052,2.487200903,2.73483346
1.887682608,2.751333964,2.901588549,2.258443922,3.01334196,3.115470077,2.058937834,2.39632313,2.439949461,2.597079257,2.918464064,2.983216041,0.591393048,2.555202979,2.593704154
1.964809961,2.728333262,2.877337809,2.097439009,3.010591876,3.116220099,2.078438429,2.401073275,2.416698752,2.7918352,2.916714011,2.97796588,0.591018036,2.401698294,2.798085391
1.941809259,2.727958251,2.882337962,2.151440657,3.009966857,3.11459505,2.071938231,2.371322367,2.427699087,2.573328532,2.909213782,2.95009003,0.592643086,2.281819636,2.805960631
1.691301614,2.733333415,2.87146263,2.238193304,3.008216803,3.114220038,2.017311563,2.349446699,2.435949339,2.477825617,2.852837062,2.956840236,0.592018067,2.633955382,2.831836421
1.841681204,2.741083651,2.881837947,2.276819483,3.006216742,3.114345042,2.090063784,2.417198767,2.459450056,2.70108243,2.824336192,2.961715384,0.593143101,2.617079867,2.798085391
1.77242909,2.742833705,2.881962951,2.113814508,3.002591632,3.112094974,2.134315134,2.419198828,2.46545024,2.448949736,2.784584979,2.956840236,0.592643086,2.428199103,2.87833784
1.844931303,2.740458632,2.895338359,2.080688498,3.001341594,3.108219855,2.126564898,2.403823359,2.474825526,2.687207007,2.686956999,2.942214789,0.593268105,2.485950865,2.870712607
1.652550432,2.738458571,2.89833845,1.996310923,2.999341533,3.110844935,2.175566393,2.415198706,2.486075869,2.681956847,2.696957305,2.920714133,0.591643056,2.442324534,2.863337382
1.681551317,2.732083377,2.89571337,1.984310556,3.004341685,3.111094943,2.173066317,2.396698141,2.501576342,2.705582568,2.711332743,2.920964141,0.591018036,2.473450484,2.853337077
1.615174291,2.730958342,2.877712821,2.044437391,3.004591693,3.109719901,2.163941038,2.391322977,2.502076357,2.132940092,2.716082888,2.924714255,0.590393017,2.401448286,2.842461745
1.419293313,2.729708304,2.872087649,2.19806708,3.006841762,3.109719901,2.170066225,2.417698782,2.511076632,2.462325144,2.714332835,2.927339335,0.591393048,2.494326121,2.814960906
1.73080282,2.733208411,2.86358739,2.170191229,3.004341685,3.105469771,2.166316111,2.402698325,2.508826563,2.66795642,2.662956267,2.961965392,0.590393017,2.322820887,2.779584826
1.790679647,2.748458876,2.871712638,2.316570696,3.004341685,3.101344646,2.17056624,2.401323283,2.505826472,2.714082827,2.633080355,2.970715659,0.590768029,2.439199438,2.690957121
2.11418952,2.739958617,2.861087313,2.123064791,3.012591937,3.10346971,2.180191534,2.444699606,2.497826228,2.55132786,2.6378305,2.952465102,0.590643025,2.255943846,2.77708475
2.008186285,2.748833888,2.867837519,2.044687399,3.004591693,3.097969543,2.17644142,2.447699698,2.497451216,2.281694632,2.613204749,2.973715751,0.589517991,2.533077303,2.804710593
1.619424421,2.753334025,2.870587603,2.105939268,2.997841487,3.102594684,2.149315592,2.415448714,2.503826411,2.503076388,2.938589679,2.987716178,0.591268044,2.67320658,2.751833979
1.923433699,2.758709189,2.855212134,2.043312357,3.004341685,3.114345042,2.160815943,2.414323679,2.513326701,2.690332102,2.903463607,2.994591388,0.589893002,2.484825831,2.736333506
1.847306375,2.751833979,2.887338115,2.111064425,3.008466811,3.116470107,2.184566668,2.422073916,2.491201025,2.245443525,2.856212165,2.961840388,0.590518021,2.35994702,2.602704428
1.569422895,2.741083651,2.893838313,2.069813166,3.006591754,3.110844935,2.190566851,2.427199072,2.498701254,2.200942167,2.878212836,2.962590411,0.589517991,2.555077975,2.768834498
1.691051607,2.766959441,2.884838038,2.148190558,3.004466689,3.117970153,2.204817286,2.431824213,2.50282638,2.444449599,2.891838252,2.95796527,0.589017975,2.466700278,2.730958342
1.687676504,2.749333903,2.8672125,2.067813105,3.00546672,3.115095065,2.204192267,2.416573748,2.485575854,1.914183416,2.86621247,2.965340495,0.589893002,2.515201758,2.686081973
1.894432814,2.744708762,2.87308768,2.177941465,3.000966582,3.115095065,2.175316385,2.439324442,2.479075655,2.75545909,2.882962981,2.96484048,0.589267983,2.435949339,2.741458663
2.098439039,2.749583911,2.872337657,2.114314524,3.010341868,3.117470138,2.173316324,2.424698996,2.47757561,2.637205481,2.889338176,2.962090396,0.592518082,2.49332609,2.772084597
2.031687002,2.751083956,2.873212683,2.139690298,3.016217048,3.115845088,2.168066164,2.411698599,2.452324839,2.544202643,2.907588733,2.948214972,0.589017975,2.56670333,2.772459609
1.927433821,2.766834437,2.877587817,2.166066103,3.013466964,3.114095035,2.220192755,2.419823847,2.252943754,2.810960784,2.896838404,2.958840297,0.588017945,2.494326121,2.780084841
2.156065798,2.757459151,2.864212409,2.191441877,3.013716971,3.116095096,2.249693655,2.448449721,2.462325144,2.825961241,2.901088534,2.947714957,0.592393078,2.503826411,2.772334605
2.067563097,2.767459456,2.864712424,2.109314371,3.014842006,3.116220099,2.203567248,2.364822169,2.496701193,2.811335795,2.927339335,2.993091342,0.589267983,2.373822443,2.821961119
1.950934538,2.764209357,2.878087832,2.224067873,3.011966918,3.119220191,2.270319285,2.344446547,2.501951353,2.780334849,2.859462264,2.956090213,0.587642933,2.290694906,2.692582171
1.80355504,2.772209601,2.878087832,2.327446028,3.004341685,3.122095279,2.21706766,2.381447676,2.504826441,2.790585162,2.915213965,2.961590381,0.588892972,2.132940092,2.732833399
1.909808283,2.758709189,2.863837397,2.474825526,2.997591479,3.112219977,2.235193213,2.344321543,2.503201392,2.792710227,2.871087619,2.94683993,0.589893002,2.31244557,2.723833125
1.747303323,2.746208808,2.879962889,2.434574297,2.99959154,3.11196997,2.20431727,2.341446455,2.503951415,2.81083578,2.862962371,2.950215033,0.589642994,2.177816462,2.694332224
1.994310862,2.753459029,2.878462844,2.337696341,3.009216834,3.112094974,2.202067202,2.375697501,2.446199652,2.817335978,2.85771221,2.955590197,0.590018006,2.434449293,2.684831935
1.921058626,2.749708914,2.889588183,2.37732255,3.002466628,3.107969848,2.213317545,2.408948515,2.449199744,2.826586261,2.863712394,2.939589709,0.590268014,2.304945341,2.678956755
2.042562334,2.773584643,2.926589312,2.276569475,3.014216987,3.110219916,2.18331663,2.43007416,2.459450056,2.837211585,2.863087374,2.949715018,0.589392987,2.298570147,2.772584613
2.017936583,2.763834346,2.910213813,2.140190313,3.011341899,3.106594806,2.226192938,2.453949889,2.497701224,2.806960662,2.887338115,2.950840052,0.589267983,2.363072115,2.682831874
2.163191015,2.750833949,2.912588885,2.362197089,3.013716971,3.113970031,2.213192541,2.36094705,2.511701651,2.749333903,2.849211951,2.958590289,0.589642994,2.307320414,2.779084811
2.308945463,2.7623343,2.899588488,2.030811975,3.007716788,3.124720359,2.231568102,2.424198981,2.264819117,2.858462233,2.823586169,2.968715598,0.589267983,2.283194678,2.741958678
2.129314982,2.756334117,2.900088504,2.147815546,3.004591693,3.13197058,2.173316324,2.425699026,2.349571703,2.642705649,2.869587573,2.91733903,0.58851796,2.446324656,2.699207373
1.953684622,2.763084323,2.886838099,2.469950377,3.009966857,3.11559508,2.047312479,2.492701071,2.073813288,2.684956938,2.886338084,2.944339854,2.356571917,2.177691458,2.734458449
2.078313425,2.771084567,2.784334971,2.358071963,3.013841975,3.116720115,2.060687887,2.521951964,2.214817591,1.917058504,2.883588,2.981715995,2.669331462,2.119689688,2.739958617
2.504826441,2.778334788,2.70433253,2.64633076,2.968090579,3.117095126,2.103564196,2.501326334,2.41269863,2.851837031,2.92258919,3.049843074,1.227287454,1.511796136,2.441074496
2.816710959,2.866587481,2.930714438,2.871087619,3.045717948,3.132220588,2.188941801,2.51920188,2.483575793,1.692301645,2.883588,3.015842036,0.851900998,1.460419568,2.528577166
2.903713614,2.874837733,2.875837764,2.751458968,3.011841914,3.130220527,2.147440535,2.515076754,2.428699118,0.000375011,2.866837489,3.007216773,0.593268105,2.117314615,2.773709647
2.706332591,2.842086734,2.850461989,2.615954833,2.921089145,3.134845668,2.185191687,2.508201544,2.428574114,2.914088931,2.835461531,2.995466414,1.175910886,1.970810144,2.691457137
2.686456984,2.819086032,2.859837275,2.666956389,2.94158977,3.135345683,2.046437452,2.507701529,2.495701163,2.913588916,2.883963012,2.981840999,0.788274056,1.959309793,2.701582446
2.66370629,2.824086184,2.824336192,2.462950163,2.898463454,3.136595721,2.249693655,2.497451216,2.488700949,2.905838679,2.852837062,2.964715476,2.765834407,2.105814264,2.677331706
2.685581957,2.82296115,2.786710044,2.700582415,2.819461043,3.135095676,2.240818384,2.48020069,2.559328104,2.902713584,2.846336863,2.956590228,2.479575671,2.129064974,2.762834315
2.641455611,2.816585955,2.848211921,2.424573992,2.645830744,3.135470687,2.188441786,2.443324564,2.534077334,2.924464248,2.823836177,2.962965423,1.797929868,2.233693167,2.792710227
2.610079653,2.801960509,2.855337138,2.582828822,2.840711692,3.13459566,2.220567766,2.493201086,2.537577441,2.918839076,2.821461104,2.951590075,1.044281869,2.432324229,2.791585192
2.532827296,2.756709128,2.834711509,2.556703024,2.846461867,3.139595813,2.208442396,2.517326823,2.572078494,2.633830378,2.860212287,2.946089908,1.249163121,2.446574664,2.792460219
2.350696738,2.726083193,2.78133488,2.568203375,2.85146202,3.134720664,2.220067751,2.577578661,2.56082815,2.854837123,2.939964721,2.940339732,1.298664632,2.499326273,2.745083773
2.337946348,2.742458693,2.802835536,2.76495938,2.608204596,3.138220771,2.154315744,2.613079745,2.496951201,2.884963042,2.937714652,2.93896469,1.522046449,2.574953581,2.775959716
2.413573656,2.753334025,2.780334849,2.736333506,2.960215339,3.142845912,2.111189428,2.614079775,2.429199133,2.877212806,2.948089969,2.87308768,2.428574114,2.565703299,2.68633198
2.25344377,2.760959258,2.765709403,2.723708121,3.014091983,3.138595782,2.12731492,2.493076083,2.557703055,2.839586657,2.97109067,2.854962127,1.658175604,2.659581164,2.690707114
2.079813471,2.755084078,2.796835353,2.728208258,3.020717185,3.132720603,2.135940184,2.52082693,2.480700705,2.791585192,2.925089267,2.858962249,2.493576098,2.583578845,2.676706687
2.088188726,2.771334574,2.81346086,2.717832942,3.009966857,3.137970763,2.027936888,2.50282638,2.416948759,2.799960448,2.885963073,2.82396118,1.683801386,2.543327616,2.670206488
1.956309702,2.760959258,2.811085788,2.764584368,3.018842128,3.137345744,1.9628099,2.52607709,2.565578295,2.83508652,2.941714774,2.850211982,1.265538621,2.653080966,2.710082705
1.858681722,2.741958678,2.811210791,2.75808417,3.02709238,3.140345836,1.94118424,2.502076357,2.553577929,2.560328135,2.927964354,2.868712546,1.180286019,2.634955412,2.753584033
1.870807093,2.737833552,2.811210791,2.746208808,3.027467391,3.142970916,1.925933775,2.498451247,2.573703543,2.843961791,2.963715445,2.843961791,2.612454726,2.583703848,2.810335765
1.943934324,2.718957976,2.818586016,2.827336283,3.024842311,3.146346019,1.99293582,2.506951506,2.572703513,2.862962371,2.969590625,2.845461837,2.730333323,2.617579882,2.741208655
1.801804987,2.709707694,2.805335612,2.755834101,3.010341868,3.149846126,2.027061861,2.505576464,2.456199957,2.031436995,2.965965514,2.865712455,1.650050356,2.63095529,2.790335154
2.008061281,2.773959655,2.827336283,2.742458693,3.009216834,3.149721122,2.01031135,2.480450697,2.58507889,2.809460738,2.974715781,2.843586779,1.973685232,2.598454299,2.845836848
1.872557146,2.786710044,2.852962065,2.820711081,3.002966643,3.146971038,2.079063448,2.478325632,2.463700186,2.88783813,2.962590411,2.860337291,1.746803308,2.584828883,2.858087222
1.890182684,2.786460036,2.80921073,2.719833003,3.0080918,3.146471023,2.107064302,2.478825648,2.519326884,2.810335765,2.723833125,2.826336253,2.538077456,2.62045497,2.834461501
1.379167089,2.728458266,2.807710685,2.796835353,2.975965819,3.144970977,1.870932096,2.462450148,2.554327952,2.884588031,2.995841426,2.777959777,1.290539384,2.690207099,2.720708029
1.216412122,2.734708457,2.800585467,2.806335643,2.990716269,3.151221168,1.98606061,2.429199133,2.534327342,2.848586932,2.98059096,2.787710074,1.968560076,2.519701895,2.678331736
1.334540727,2.764834376,2.791085177,2.69845735,2.986591144,3.143345927,2.07781341,2.461950133,2.432824244,2.813085849,2.914588946,2.784084964,1.185286172,2.408198492,2.724083132
1.277038972,2.753959044,2.797460372,2.812710837,2.962340403,3.149096103,2.050187567,2.466575274,2.481075716,2.894963347,2.928714377,2.793835261,1.635424909,2.409823542,2.640580584
1.345416059,2.745083773,2.796710349,2.829461348,2.965965514,3.151471175,2.026811853,2.466825282,2.481825739,2.827836299,2.848461928,2.807210669,2.054062685,2.171441267,2.665331339
1.447794183,2.741208655,2.824336192,2.806085635,2.944839869,3.151471175,2.013686453,2.468950346,2.584328867,2.863087374,2.932964507,2.816710959,1.399292703,2.661456221,2.717207923
1.342540971,2.716707907,2.8213361,2.846961882,2.960465346,3.149971129,2.084938627,2.464450209,2.552327891,2.869337565,3.022592242,2.786960051,2.659956175,2.670706503,2.667831416
1.488170415,2.714957854,2.816835963,2.867962523,2.965965514,3.144595965,2.058187811,2.467075289,2.480825709,2.914963958,2.960715354,2.787710074,1.827555773,2.496826197,2.733083407
1.168535661,2.750833949,2.843586779,2.814960906,2.95959032,3.151346171,2.016686544,2.469825373,2.50970159,2.929839412,3.040592792,2.753084017,2.061937925,2.487700919,2.678831751
1.18816126,2.727958251,2.819086032,2.79971044,2.971465682,3.14934611,1.982435499,2.493701102,2.477450606,2.861712333,3.025092318,2.827586291,2.252318735,2.49595117,2.833086459
1.266413648,2.701332438,2.79608533,2.80558562,2.968965606,3.144970977,1.912558367,2.472450453,2.431199194,2.918214057,3.010966887,2.808335704,0.80052443,2.645955748,2.812835841
1.292789453,2.709707694,2.782959929,2.821086093,2.945089877,3.144345958,1.973560228,2.469450362,2.422573931,2.897963439,3.033842586,2.82396118,1.194911466,2.607079562,2.858587237
1.15441023,2.706832606,2.797210364,2.818336009,2.948089969,3.146596026,1.90905826,2.504576434,2.386947844,2.776084719,3.017342082,2.791460189,1.867932005,2.714207831,2.67845674
1.310915006,2.692082156,2.810335765,2.849711966,2.926214301,3.14834608,1.974185247,2.419448836,2.405198401,2.927214331,2.973465743,2.831586413,1.657550584,2.712957793,2.655331034
1.049782037,2.763084323,2.820961089,2.857087191,2.910713828,3.15359624,2.015436506,2.44482461,2.449199744,2.890338206,2.873712699,2.934339549,0.81789996,2.779334819,2.585203894
1.577048128,2.708957671,2.768334483,2.817085971,2.915588977,3.150846156,1.970310129,2.401823298,2.395823115,2.620829981,3.017217078,2.974090762,0.633269326,2.683831904,2.715957884
1.531046724,2.699832392,2.773209632,2.865337443,2.905088656,3.150471145,2.008311289,2.383072726,2.373322428,2.770709555,3.024342296,2.844211798,0.633019318,2.712332774,2.731833369
1.417418256,2.692582171,2.791460189,2.84033668,2.885588061,3.151346171,1.952684591,2.385572802,2.375322489,2.755959105,3.018342112,2.860837306,0.60326841,2.699207373,2.71908298
1.409418012,2.699082369,2.768709494,2.826711264,2.88258797,3.149221107,1.978560381,2.392698019,2.367072237,2.637330485,3.023342265,2.933464522,0.601018342,2.711457747,2.815460921
1.465169713,2.719582995,2.757209143,2.828961333,2.964465468,3.14309592,1.912558367,2.405573412,2.326571001,2.881712943,3.014591998,3.008216803,0.597393231,2.649330851,2.891838252
1.813555345,2.733708426,2.658581133,2.783709952,2.930714438,3.147221046,1.928933866,2.369072298,2.464950224,2.577453658,3.040717795,2.9753408,0.605768487,2.570203436,2.808960723
1.310664998,2.679706778,2.708957671,2.792585223,2.910838832,3.143470931,1.790054628,2.377572558,2.434949309,2.810960784,2.999216529,2.937214637,0.596893216,2.602204413,2.712082766
1.185786187,2.673706595,2.702957488,2.772209601,2.903088595,3.143595935,1.838556108,2.387447859,2.457074984,2.813710868,3.003716666,2.94683993,0.599393292,2.802210517,2.862462355
1.695551744,2.668831446,2.702832484,2.773209632,2.925089267,3.14047084,1.915183447,2.342696493,2.417073763,2.877587817,3.012966948,2.985716117,0.594268136,2.605329508,2.893463301
1.203411725,2.636580462,2.798960417,2.749208899,2.834586505,3.141220862,1.922433668,2.358196966,2.437199377,2.843586779,2.980965972,2.93633961,0.594893155,2.605454512,2.810335765
1.278914029,2.599454329,2.788835108,2.744458754,2.821086093,3.140095828,1.966560015,2.366072207,2.383072726,2.570703452,2.997966491,2.908838771,0.595893185,2.611454695,2.849336955
1.527671621,2.625455123,2.776959746,2.7623343,2.867587512,3.138220771,1.941934263,2.326320994,2.509951598,2.432074221,2.745708792,2.977590869,0.595268166,2.033062044,2.897713431
1.888807642,2.649580859,2.791585192,2.701582446,2.547202734,3.146596026,2.012686422,2.381197668,2.442824549,2.773084628,3.013591968,2.990966277,0.596143193,1.917308512,2.877587817
1.353541307,2.598454299,2.824461196,2.772959624,2.506201483,3.140220832,1.831180883,2.359822016,2.488575945,2.818461013,2.95009003,2.988466201,0.596768212,2.509576586,2.862962371
1.513171178,2.634330393,2.808460707,2.771209571,2.521701956,3.143970946,1.916683493,2.340821436,2.419323832,2.699957396,2.949215003,3.000341563,0.595643178,2.621955016,2.886588092
1.68592645,2.677456709,2.775959716,2.712707785,2.537202429,3.145470992,1.970810144,2.326320994,2.468700339,2.760334239,2.958590289,2.908838771,0.594393139,2.636205451,2.848086917
1.351416242,2.69220716,2.792585223,2.725708182,2.539827509,3.140220832,1.976185308,2.316195685,2.434074282,2.782709922,2.947714957,2.926964324,0.596143193,2.71220777,2.811960814
1.554047426,2.692082156,2.797835383,2.664456313,2.544202643,3.141595874,1.911433332,2.341696463,2.432074221,2.788960112,2.969090609,2.988716208,0.596893216,2.615954833,2.839461653
1.499545763,2.685706961,2.794835292,2.708957671,2.522576983,3.138470779,1.857181677,2.373822443,2.29607007,2.418448805,2.895088351,2.96584051,0.597518235,2.706707602,2.808335704
1.365416669,2.662206244,2.810710776,2.580953764,2.507701529,3.123470321,1.861681814,2.345696585,2.329571093,2.730833338,2.944839869,2.879587878,1.0289064,2.507201514,2.793085238
1.641175085,2.651080905,2.810710776,2.717082919,2.515326762,3.131095553,1.964309946,2.365572192,2.343446516,2.771709586,2.931839473,2.942339793,0.786649007,2.638955535,2.793335246
1.616799341,2.647080782,2.812710837,2.660331187,2.510951628,3.121720267,1.903058077,2.345571581,2.349571703,2.498701254,2.88883816,2.854837123,0.599893307,2.616454848,2.809585742
1.344041017,2.643455672,2.739458602,2.661456221,2.908838771,3.119095187,1.917683523,2.339696402,2.42744908,2.76595941,2.880587909,2.947214942,0.60064333,2.580703757,2.796210334
1.672176031,2.712707785,2.781459883,2.702457472,2.984466079,3.125845393,2.093063875,2.366572222,2.464325205,2.071688223,2.953090121,3.031717521,0.602893399,2.314570635,2.829336344
2.595329203,2.767084445,2.776709738,2.751083956,2.968340587,3.12509537,2.208692404,2.406073428,2.523076998,1.856931669,2.902213569,3.062343455,0.598893277,1.936684103,2.802585528
2.476575579,2.793585253,2.727583239,2.697707327,3.015467025,3.129095492,2.221692801,2.342321482,2.47595056,2.79446028,2.956715232,3.078593951,0.607893551,2.034187078,2.801210486
2.585828913,2.814960906,2.748833888,2.759209204,3.034467605,3.132845607,2.254193793,2.314445631,2.387072848,2.790710166,2.945089877,3.039467757,0.601518357,2.288694845,2.811335795
2.228318003,2.797960387,2.748333872,2.741333659,3.022217231,3.124720359,2.334571245,2.423823969,2.363697134,2.722458083,2.928214362,3.00121659,0.603018403,2.386572832,2.861337321
2.289694876,2.76920951,2.749833918,2.728083254,3.019467147,3.11984521,2.282694662,2.422448927,2.322695883,2.769834529,2.904713645,2.958465285,1.514421216,2.465075228,2.815460921
2.190816858,2.776459731,2.798460402,2.720708029,3.010216865,3.119345195,2.310570513,2.400948271,2.301570238,2.786210028,2.914338939,2.93733964,1.286914274,2.47170043,2.754459059
2.081688528,2.690082095,2.604579485,2.727833247,2.981215979,3.108719871,2.278444533,2.323320902,2.275319437,2.750333934,2.909838801,2.960465346,0.606268502,2.634330393,2.843211768
2.001686087,2.658706137,2.818961028,2.850461989,2.71483285,3.11984521,2.240943388,2.515576769,2.355571886,2.308320444,2.97696585,2.939214698,1.1829111,2.568328379,2.7623343
1.966310007,2.596829249,2.670706503,2.894838343,2.654956023,3.134970672,2.249693655,2.510826624,2.427324076,2.684581927,3.015092013,2.942339793,1.008530778,2.632830348,2.793710257
1.981685476,2.615579821,2.786710044,2.885588061,2.7459588,3.135095676,2.224567888,2.442324534,2.392073,2.538077456,3.018342112,2.942464797,0.647644765,2.571453475,2.878962859
1.79405475,2.613329752,2.836836573,2.734958464,2.72695822,3.124470351,2.195066988,2.4707004,2.251693716,2.678956755,2.97009064,2.926339305,0.605518479,2.484825831,2.760959258
1.886807581,2.629830256,2.542702597,2.755709098,2.738458571,3.127970458,2.167441145,2.335321268,2.473200476,2.523952025,2.941214759,2.903713614,0.607018525,2.55720304,2.75970922
1.791179662,2.623580065,2.871587634,2.742583697,2.712457778,3.133970641,2.175441389,2.29769512,2.430574175,2.521201941,2.980965972,2.914963958,0.599393292,2.552202887,2.763459334
1.849681448,2.626080142,2.857587207,2.806335643,2.714957854,3.134470656,2.139690298,2.354571856,2.507951537,2.652830958,2.976715842,2.969965636,0.846275826,2.599329325,2.87146263
1.821430586,2.635955443,2.826961272,2.701207434,2.697082308,3.13884579,2.155940794,2.385447798,2.545702689,2.646705771,2.909338786,2.970590655,0.947028901,2.418198798,2.918339061
1.702926969,2.619079928,2.82558623,2.702582476,2.910588824,3.131345561,2.1331901,2.318695761,2.551202857,2.631080294,2.972215705,2.982341014,0.616518815,2.486325877,2.881587939
1.850806482,2.631205298,2.783084933,2.672706565,2.900838527,3.125345378,2.120439711,2.383322733,2.52607709,2.592704123,2.908213752,3.005591723,0.628894192,2.280694601,2.846586871
1.835556017,2.631080294,2.832211432,2.684956938,2.916839015,3.129845515,2.12631489,2.389322916,2.488200934,2.349946715,2.919714103,2.976590838,0.617268838,2.292069948,2.844711814
1.84680636,2.623205054,2.842336741,2.691582141,2.925714286,3.130845546,2.160690939,2.397198157,2.459200049,2.531202246,2.88258797,3.017842097,0.681020783,2.205442305,2.852337046
1.947934446,2.637705496,2.866462477,2.688332041,2.916589007,3.135720695,2.171691275,2.397073153,2.5165768,2.391322977,2.883087985,2.945339885,2.010436354,2.201442183,2.85146202
1.790929655,2.63945555,2.843211768,2.718332957,2.729833308,3.135095676,2.170316233,2.392198004,2.495451155,2.335071261,2.865337443,2.930089419,0.825900204,2.449824763,2.842711753
1.952559587,2.64633076,2.911088839,2.677206702,2.727958251,3.138595782,2.251943724,2.402698325,2.481325724,2.579953734,2.97271572,2.989966247,1.30578985,2.665331339,2.867712516
1.446169134,2.618204901,2.903838618,2.675081637,2.734333445,3.140220832,2.240693381,2.416448744,2.532577288,2.654331004,2.866962493,2.966465529,2.846086856,2.700582415,2.826086245
1.813805353,2.630830287,2.90421363,2.678706748,2.71483285,3.139220801,2.224692892,2.377947569,2.467325297,2.685081942,2.898088443,2.956215217,2.75970922,2.308195441,2.842461745
1.794804773,2.618579913,2.904338633,2.665706351,2.695207251,3.139720817,2.215192602,2.362197089,2.490325999,2.658956145,2.952090091,2.942339793,2.381947691,2.690832118,2.83346147
1.86743199,2.634955412,2.920589129,2.671081515,2.678331736,3.141845882,2.231943113,2.348696677,2.51232667,2.640330576,2.921214148,2.944714866,0.616018799,2.518826868,2.835711539
1.67642616,2.635080416,2.905838679,2.69058211,2.69320719,3.138970794,2.226067934,2.344696554,2.404573382,2.695332255,2.864087405,2.920714133,2.88783813,2.512076662,2.845836848
2.032312021,2.620829981,2.811210791,2.659956175,2.724833155,3.132970611,2.214442579,2.285069735,2.445949644,2.652080935,2.888338145,2.983216041,0.736522477,2.545827692,2.860087283
1.963059908,2.645080721,2.961715384,2.709957701,2.720333018,3.124470351,2.196317026,2.296320078,2.455449934,2.62208002,2.926464309,2.933964537,2.58832899,2.671206519,2.915588977
1.712052248,2.617704886,2.901463546,2.523577013,2.749708914,3.123095309,2.171191259,2.336821314,2.37207239,2.646205756,2.855212134,2.955215186,2.612329722,2.527827143,2.832836451
2.079563463,2.59720426,2.879087863,2.615954833,2.708582659,3.118220161,2.145440474,2.374822474,2.43957445,2.641830622,2.872212653,2.983091037,0.618268868,2.459325053,2.909213782
1.873932188,2.576953642,2.870587603,2.582953825,2.720958037,3.13359563,2.147065523,2.382697714,2.35469686,2.601829402,2.825711234,2.987716178,1.686676473,2.532702292,2.907088717
1.860806787,2.563203223,2.873837703,2.52607709,2.73383343,3.130470534,2.174941374,2.364447157,2.380447645,2.647830805,2.870212592,2.981840999,0.828025269,2.573578539,2.887463118
1.806805139,2.564453261,2.891213233,2.580203742,2.723583117,3.132345592,2.175691397,2.36682223,2.394073061,2.636955473,2.777959777,2.960090335,1.230912564,2.57720365,2.88258797
1.707302103,2.569703421,2.904838649,2.55720304,2.690832118,3.133970641,2.118064638,2.34519657,2.409448531,2.652705954,2.815210913,2.899588488,1.829305826,2.703207495,2.903463607
1.625049593,2.579453719,2.821211097,2.568453383,2.699457381,3.129470504,2.134815149,2.404948393,2.498451247,2.616079836,2.769959532,2.878587848,1.275913938,2.755959105,2.87571276
1.819555528,2.575453597,2.710457717,2.493076083,2.789960143,3.12772045,2.147190527,2.387072848,2.477825617,2.581078768,2.86883755,2.874962737,1.891182714,2.738458571,2.908838771
1.794304758,2.581328776,2.879587878,2.495576159,2.773584643,3.12672042,2.151065645,2.363322123,2.502326365,2.483075777,2.78133488,2.853087069,1.767678945,2.733458419,2.891338237
1.956559709,2.585953917,2.847961913,2.584453871,2.910338816,3.122095279,2.224067873,2.382822718,2.447574694,2.586578936,2.364947172,2.854462111,1.566922819,2.427074068,2.867712516
1.760678732,2.581078768,2.849961974,2.602579424,3.000466567,3.1293455,2.18956682,2.428574114,2.311070528,2.662956267,2.885838069,2.895463363,1.611924192,2.335946287,2.889338176
1.946309397,2.592079104,2.860087283,2.557703055,2.995716422,3.126595416,2.195191992,2.480325694,2.215067598,2.679456771,2.846961882,2.897088412,1.65905063,2.454824915,2.891338237
2.011436384,2.61882992,2.868712546,2.556578021,2.998716514,3.123470321,2.194066958,2.466825282,2.25019367,2.676456679,2.817335978,2.908713767,1.984560564,2.506701498,2.92521427
1.863306864,2.636330454,2.828461318,2.669456465,3.01171691,3.122345286,2.184566668,2.455699942,2.175816401,2.695957274,2.849586962,2.881462935,1.515296243,2.305820368,2.908713767
1.830305857,2.619704947,2.926339305,2.607454573,3.004966704,3.11722013,2.234943205,2.479700674,2.291569933,2.372197394,2.844336802,2.883212989,1.475295022,2.349571703,2.914588946
1.905558153,2.615079806,2.938714682,2.659331156,3.00546672,3.122720298,2.247818598,2.484575823,2.361197058,2.381072665,2.861087313,2.937714652,2.209067415,2.417698782,2.935089572
1.900182989,2.61882992,2.935464583,2.598204291,3.004466689,3.118720176,2.256443861,2.538577471,2.373822443,2.428949126,2.805210608,2.903088595,1.814555376,2.191441877,2.925714286
1.794804773,2.604329478,2.931589465,2.594829188,3.002716636,3.117095126,2.253068758,2.563578234,2.426574053,2.674706626,2.814835902,2.881212928,1.319290262,2.352321787,2.926714316
1.681926328,2.587453963,2.942839808,2.581078768,2.986716147,3.108469863,2.276194464,2.568453383,2.391822993,2.667581408,2.786460036,2.911088839,1.796554827,2.558328074,2.934964568
1.994435865,2.632330332,2.906338694,2.599329325,3.037842708,3.118345164,2.245693533,2.516326792,2.270069277,2.633330363,2.720208014,2.906463698,1.240662862,2.018686605,2.886588092
1.597923765,2.584453871,2.888463149,2.57032844,3.003216651,3.107344829,2.234568194,2.537952452,2.248318613,2.660831202,2.683081881,2.884838038,1.626549638,2.428074099,2.911088839
1.601173864,2.592329112,2.893838313,2.580828761,2.993716361,3.115345073,2.256193854,2.523577013,2.238693319,2.65845613,2.561953185,2.864462416,2.058562822,2.592704123,2.885838069
1.606049013,2.592204108,2.886463088,2.601954405,2.995591418,3.115720084,2.258318918,2.509451582,2.180441542,2.647830805,2.590079043,2.892338267,2.418573809,2.458075014,2.888338145
1.549547288,2.600329356,2.898088443,2.635330424,2.991466292,3.116095096,2.234568194,2.518451857,2.283819697,2.654831019,2.818336009,2.880837916,1.904308115,2.707707633,2.905838679
1.617299356,2.581953795,2.901338542,2.639580554,2.991466292,3.120470229,2.234943205,2.49595117,2.321195837,2.657456099,2.714457839,2.879462874,0.995655385,2.572078494,2.904463637
1.664175787,2.593829157,2.899713492,2.55132786,2.986216132,3.121970275,2.228943022,2.47757561,2.34357152,2.664581317,2.765709403,2.877587817,2.333321207,2.572453505,2.888963164
1.646550249,2.601954405,2.89733842,2.633330363,3.002591632,3.126220405,2.255693838,2.489075961,2.304945341,2.66633137,2.812960845,2.904338633,1.90218305,2.402823328,2.905963683
1.665425825,2.597954283,2.89733842,2.667081393,2.992091311,3.126095401,2.214442579,2.478450636,2.293945006,2.664831324,2.782209906,2.950590045,1.746678304,2.62045497,2.916464003
1.891432722,2.606329539,2.845211829,2.626580157,2.992591327,3.124970367,2.221692801,2.472075442,2.33407123,2.561203162,2.850837001,2.882962981,2.111064425,2.543327616,2.888713157
1.750428419,2.611454695,2.911213843,2.715832881,2.996466445,3.123970336,2.20069216,2.442699545,2.403823359,2.563578234,2.772584613,2.879212867,1.939309183,2.563578234,2.874712729
2.019686636,2.605829524,2.907588733,2.682831874,3.019842158,3.122720298,2.189816828,2.43107419,2.400073244,2.535952391,2.760334239,2.919339091,0.943778802,2.563203223,2.922964202
2.322070864,2.68633198,2.806085635,2.712832789,3.006841762,3.135220679,2.181941588,2.450949797,2.48970098,2.483075777,2.894338328,2.880462905,0.899902463,2.701957457,2.848211921
1.940809229,2.624955107,2.808835719,2.616454848,3.006091739,3.128845485,2.180941557,2.438574419,2.41107358,2.699582385,2.824711203,2.870212592,1.013530931,2.731333354,2.852337046
1.963434919,2.618954924,2.781959899,2.724083132,3.036592669,3.126595416,2.200317148,2.448949736,2.387572863,2.567203345,2.777209754,2.913713919,1.001780572,2.549827815,2.830961394
1.854056581,2.623580065,2.785585009,2.735208472,3.028467421,3.12409534,2.218817713,2.4379494,2.383947752,2.543702628,2.848211921,2.933839534,1.519796381,2.76070925,2.835461531
1.903558092,2.623580065,2.911463851,2.731458357,3.032092532,3.122095279,2.269694266,2.373197424,2.433449263,2.539702506,2.813085849,2.922339183,1.924933744,2.595829218,2.828836329
2.020936674,2.613829768,2.917464034,2.706457595,3.035092624,3.121595264,2.281444624,2.369697317,2.434824305,2.692457167,2.765084384,2.910838832,1.294914518,2.715332865,2.839211646
1.874182196,2.614829798,2.919089084,2.724083132,3.024842311,3.127220435,2.239068331,2.383947752,2.516826807,2.717082919,2.704457533,2.901088534,2.144815455,2.63420539,2.78395996
2.130065004,2.594329173,2.923589221,2.679206763,3.032717551,3.129095492,2.195942015,2.386572832,2.508951567,2.74333372,2.728458266,2.916589007,0.972154668,2.73645851,2.796960356
2.219067721,2.593829157,2.91996411,2.702457472,3.034342601,3.13359563,2.175066378,2.430699179,2.484325816,2.724958159,2.78758507,2.878587848,2.000436048,2.772209601,2.788210089
1.936309091,2.593079134,2.926714316,2.732083377,3.039092746,3.139345805,2.133065096,2.455324931,2.4870759,2.704207526,2.808460707,2.870962615,2.007186254,2.696957305,2.747458846
1.958059755,2.600954375,2.915338969,2.717957945,3.04021778,3.132595599,2.107564318,2.463075167,2.48020069,2.75383404,2.861587329,2.887588122,2.187816767,2.686206977,2.746458815
1.643675161,2.612454726,2.9130889,2.680706809,3.0375927,3.135720695,2.089313761,2.498701254,2.528202155,2.747708853,2.783459944,2.888088137,2.055562731,2.73483346,2.84721189
2.081063509,2.611704703,2.922214179,2.740833644,3.04546794,3.131720573,2.06931315,2.507951537,2.473575488,2.764084353,2.696457289,2.881712943,2.246318552,2.673956603,2.862837367
1.775679189,2.613704764,2.923464217,2.709332682,3.03234254,3.133220618,1.666550859,2.483950804,2.45007477,2.754209052,2.70795764,2.894963347,1.475795038,2.799210425,2.871337626
1.778804285,2.621204993,2.925089267,2.670706503,3.037717704,3.133345622,1.874557207,2.507576525,2.450949797,2.731958373,2.723458113,2.852087039,2.09356389,2.714582842,2.854962127
1.650175359,2.636205451,2.917089022,2.618579913,3.024342296,3.1293455,1.844556291,2.509951598,2.477075594,2.724583148,2.734208441,2.857962218,2.54770275,2.718332957,2.845461837
1.555797479,2.638205512,2.894838343,2.606954558,3.016592059,3.132470595,1.957184729,2.475075533,2.497201209,2.736333506,2.694332224,2.881712943,2.065563036,2.69583227,2.847836909
1.32579046,2.629330241,2.90946379,2.673581591,3.009216834,3.128470473,2.018811609,2.47595056,2.518951872,2.754209052,2.679706778,2.885713065,2.241943419,2.75708414,2.82821131
1.905433149,2.627830195,2.90096353,2.675206641,3.053593188,3.123970336,2.07618836,2.497701224,2.447699698,2.719207984,2.728208258,2.837961608,2.171191259,2.707707633,2.846211859
1.940809229,2.630580279,2.911713858,2.708332652,3.031967528,3.125345378,2.091438826,2.461950133,2.491701041,2.639705557,2.692957183,2.897963439,1.364166631,2.594954192,2.818336009
1.813555345,2.619829951,2.889713187,2.703707511,3.027717399,3.131845576,1.897432905,2.505826472,2.447074679,2.705832575,2.698582354,2.915838984,2.171316263,2.690707114,2.828836329
1.883432478,2.660956206,2.897963439,2.679081759,3.000591571,3.125595386,2.033187048,2.497201209,2.415698721,2.50182635,2.822211127,2.840586688,1.792304697,2.73545848,2.911838862
2.063187963,2.66208124,2.499826289,2.705832575,3.026342357,3.12147026,2.029561937,2.57295352,2.414823695,2.419323832,2.865212439,2.897963439,1.970310129,2.683456893,2.887213111
1.998685995,2.663831294,2.898213446,2.782209906,3.003591662,3.12772045,2.054687704,2.548202765,2.412573626,2.725083163,2.829461348,2.899588488,2.236443251,2.68795703,2.832586444
2.093938902,2.65845613,2.910963836,2.776209723,2.95371514,3.136845729,2.025936827,2.508451552,2.427574084,2.493451094,2.854212104,2.862587359,2.094438917,2.678831751,2.823836177
2.275944456,2.706332591,2.903838618,2.788710105,3.038342723,3.137345744,1.976435316,2.476950591,2.308445448,2.747958861,2.744708762,2.863462386,1.268663717,2.577953673,2.7754597
2.164566057,2.725333171,2.90521366,2.709332682,3.036592669,3.141845882,2.116189581,2.52707712,2.431824213,2.405448408,2.774834681,2.872337657,1.726302683,2.662581256,2.888963164
2.345946593,2.738458571,2.919214087,2.723708121,3.053343181,3.145470992,2.258068911,2.584578875,2.378322581,2.601579394,2.829586352,2.891838252,2.267944212,2.672706565,2.886838099
2.369322306,2.73908359,2.9294644,2.766084414,3.04971807,3.144595965,2.235318216,2.57982873,2.440449477,2.73383343,2.826086245,2.947089938,2.378447584,2.652330943,2.915838984
2.490200995,2.748833888,2.920464125,2.761959288,3.039717765,3.140720847,2.342446486,2.577953673,2.377947569,2.699207373,2.732083377,2.983341044,2.542952605,2.582078799,2.937714652
2.640955596,2.761709281,2.887088107,2.402948332,2.954215155,3.128095462,2.274069399,2.49857625,2.429949156,2.654706015,2.702957488,3.029217444,2.584703879,2.526702109,2.951965087
2.780584857,2.775959716,2.902213569,2.227192969,3.003216651,3.128970489,2.330321116,2.519576891,2.255068819,2.43169921,2.719958007,3.035342631,2.541952574,2.779584826,2.936839625
2.664331309,2.770709555,2.908838771,2.191566881,3.011341899,3.12247029,2.2839447,2.491076022,2.227067965,2.631205298,2.723208106,3.022342235,2.677581713,2.855212134,2.915088961
2.889463179,2.845336833,2.809835749,1.57517307,3.040467788,3.094469436,2.184816675,2.489450972,2.244193487,2.534952361,2.358571978,3.036592669,1.998936003,2.696832301,2.965715506
2.943839839,2.847461898,2.741583666,0.839650624,3.016842067,3.061343425,2.350321726,2.567203345,2.157065828,2.291569933,2.231318094,2.960840358,1.872307138,2.734958464,2.975465804
2.915713981,2.872212653,2.53132725,0.456013916,3.039842769,2.919464095,2.280694601,2.568203375,2.094438917,2.010561357,2.189316813,2.841586718,1.919183569,2.82296115,2.97696585
3.045842952,2.889088168,2.416698752,0.849150914,3.068218635,2.889088168,2.455574938,2.567203345,2.039937254,1.999811029,2.319945799,2.88783813,2.087813715,2.762459304,2.973465743
3.031842524,2.903213599,2.502701376,0.550266793,3.11984521,2.867712516,2.406573443,2.495576159,2.004311167,2.126439894,2.398198187,2.948964995,2.073813288,2.853212073,2.9589653
3.040967803,2.862837367,2.472950468,0.730772301,3.11984521,2.927964354,2.479325663,2.52445204,2.086063662,2.310445509,2.368822291,3.004716697,1.884057497,2.695332255,2.953840144
3.063593493,2.906713706,2.479325663,0.667395367,3.128845485,2.932964507,2.400948271,2.563828242,2.008186285,2.385572802,2.193566942,3.000466567,1.794429762,2.502326365,2.970215644
3.070593707,2.908838771,2.625955138,0.537016388,3.12834547,2.961090365,2.367197241,2.612079714,2.021561693,2.268569231,2.271944334,2.998841517,2.059187841,2.460575091,2.975590808
3.070843715,2.912838893,2.667831416,0.902527543,3.130470534,2.965965514,2.326696005,2.598454299,2.022061708,2.34357152,2.234193182,3.005091708,1.661925718,2.49920127,2.982716025
3.065968566,2.908088748,2.708582659,0.853901059,2.817085971,2.985841121,2.380447645,2.633205359,2.181816584,2.309945494,2.408073489,3.010591876,1.633924863,2.508701559,2.969090609
3.064843532,2.896963408,2.725708182,0.693521165,3.140720847,2.997841487,2.320695822,2.577453658,1.995310892,2.308445448,2.303070284,3.015717032,1.926683798,2.40157329,2.967715567
3.06871865,2.915713981,2.653080966,0.617643849,3.133720634,2.99009125,2.280444594,2.626830164,2.097939024,1.973060213,2.421573901,3.008591815,1.717302408,2.420073855,2.961590381
3.045217933,2.906213691,2.614204779,1.117534104,3.070093692,3.010841884,2.256193854,2.618079897,2.154940764,2.465075228,2.615704825,3.014216987,1.866431959,2.712832789,2.945464888
3.035092624,2.905338664,2.70170745,1.166660604,3.104719749,3.021092196,2.216567644,2.581203772,2.117689627,2.132065065,2.550452834,2.999466536,1.810680258,2.633705374,2.961090365
3.022217231,2.917464034,2.669831477,0.833650441,3.107094821,2.995841426,2.333571215,2.529077181,2.159565905,2.386572832,2.390697958,3.051093112,1.649425336,2.208442396,2.96321543
3.057468307,2.924464248,2.663456282,0.721147008,3.114720054,2.988716208,2.341321451,2.523702017,2.137065218,2.367447249,2.440074465,3.040592792,1.813805353,2.261069002,2.979965941
3.061468429,2.930839442,2.696707297,0.763023286,3.116845119,2.993716361,2.360822047,2.526452101,2.142565386,2.366947233,2.515701773,3.073843806,1.497045686,2.46120011,2.985591113
3.063093478,2.919214087,2.697707327,0.727022187,3.077718925,2.964215461,2.378197577,2.546327708,2.122439772,2.213567553,2.537452437,3.092594378,1.696051759,2.52182696,2.984966094
3.057343303,2.927214331,2.620329966,0.843150731,3.120345225,2.956465224,2.392198004,2.525452071,2.239318339,2.441824519,2.497451216,3.088469253,1.798929899,2.559453108,2.994591388
3.063093478,2.931964476,2.618579913,1.058532304,3.117970153,2.942964812,2.412448622,2.583328837,2.225817927,2.24494351,2.080188482,3.090969329,1.688051515,2.380947661,2.964215461
3.055468245,2.942714805,2.606079531,0.932653462,3.117970153,2.959465316,2.446199652,2.550077822,2.143065401,2.312320566,2.466700278,3.075093844,1.829805841,2.625330119,2.972215705
3.063593493,2.926964324,2.594329173,1.102908658,3.120595233,2.963840449,2.31769573,2.537452437,2.102439161,2.128314951,2.449574755,3.067718619,1.705302042,2.310820521,2.958590289
3.062093448,2.922464187,2.575203589,0.90865273,3.123845332,2.963590442,2.384322764,2.542577593,2.111689444,2.200067141,2.460575091,3.076843898,1.766928922,2.288819849,2.961715384
3.061718436,2.924339244,2.57982873,1.009030793,3.122345286,2.963965453,2.425074007,2.556953032,2.144065432,2.400198248,2.457574999,3.072093753,1.708677145,2.350196722,2.96584051
3.054343211,2.915588977,2.680706809,0.786649007,3.131720573,2.952965117,2.375447493,2.523076998,2.059687857,2.253568773,2.426324046,3.100719626,1.582923307,2.29344499,2.971340678
3.07559386,2.936714621,2.699957396,0.910152776,3.129095492,2.964715476,2.377572558,2.61520481,2.080188482,2.261069002,2.486825892,3.099094577,1.74292819,2.28981988,2.959840327
3.064093509,2.930464431,2.694332224,0.840025636,3.139220801,2.953965148,2.376947539,2.58832899,2.10731431,2.372197394,2.198442091,3.101969665,1.883807489,2.433449263,2.957465255
3.057968322,2.939339702,2.673956603,0.86015125,3.141345866,2.94321482,2.344821558,2.591454085,2.138565264,2.31769573,2.390822962,3.089094272,1.68230134,2.296570086,2.972965728
3.055093234,2.947464949,2.644955718,0.721147008,3.139345805,2.965215491,2.400823267,2.569703421,2.154065737,2.337821345,2.328196051,3.093719413,2.035687124,2.512201666,2.972340709
3.037467696,2.939964721,2.661581225,0.730272286,3.140220832,2.967965575,2.338821375,2.489575976,2.106689291,2.365947203,2.446324656,3.087344218,1.847306375,2.412198614,2.980715964
3.038842738,2.953090121,2.631705313,0.802649495,3.138970794,2.920214118,2.420198859,2.490826014,2.044812403,2.137315226,2.258568926,3.083344096,1.420543352,1.91005829,2.967090548
3.031467513,2.942589801,2.687707022,0.729147252,3.140095828,2.941839778,2.392323008,2.510326609,2.061812922,2.032187017,2.375197485,3.078843959,1.874682211,1.909183264,2.983716056
3.036967681,2.940714743,2.611579699,0.81952501,3.14672103,2.952340098,2.322195868,2.540702536,2.064813013,2.224442885,2.446074648,3.073843806,1.711427229,1.771554064,2.967840571
3.019717154,2.929339396,2.615329814,0.902152532,2.975465804,2.953465133,2.202442213,2.482075747,2.039437239,2.465575243,2.539952513,3.085844172,1.961309854,1.875432234,2.977215857
3.012216926,2.934839564,2.670831507,0.937403607,3.016092044,2.950465041,2.195817011,2.509076571,2.066438063,2.443324564,2.394323069,3.057093295,1.989060701,1.846181341,2.96321543
3.010591876,2.943714835,2.671081515,0.699896359,3.129220496,3.003216651,2.152690695,2.468700339,2.019686636,2.539827509,2.646455763,3.049343059,2.612204718,2.010811365,2.980465957
2.982341014,2.899088473,2.657581103,1.364041627,3.109219886,3.050343089,2.108439344,2.487575915,2.004561174,2.599579333,2.755959105,3.05759331,2.692082156,2.779834834,2.952590106
3.011216895,2.872212653,2.778334788,1.463044649,3.131345561,3.063093478,2.093438887,2.501701346,1.956309702,2.593204138,2.707832636,3.055968261,2.640205573,2.662956267,2.946589923
3.012966948,2.884838038,2.788585101,1.514671224,3.131345561,3.066343577,2.066563066,2.469700369,1.922308664,2.568203375,2.684331919,3.037342692,2.702957488,2.640080569,2.957215247
3.01434199,2.890213202,2.782709922,1.355166356,3.123845332,3.074843837,2.220192755,2.385447798,2.160940947,2.476200568,2.529327189,3.014091983,2.635580432,2.448699728,2.947339946
3.003591662,2.86358739,2.83608655,1.481670217,3.11984521,3.088094241,2.096188971,2.391197974,2.094813929,2.495576159,2.593829157,2.98059096,2.719207984,2.067563097,2.950965056
2.966965545,2.843961791,2.896713401,1.699426862,3.065218543,3.098844569,2.029936949,2.476325571,2.331196142,2.57295352,2.796710349,2.971590686,2.720583026,2.287069796,2.965715506
2.935464583,2.837836604,2.857087191,1.701801935,3.118095157,3.094469436,1.982560503,2.6083296,2.411323588,2.588078982,2.822586138,2.97434077,2.365322184,2.759209204,2.955715201
2.872462661,2.851962035,2.832586444,1.382292184,2.998841517,3.089969298,2.099689077,2.33569628,2.280569597,2.652330943,2.715457869,2.92158916,1.229162511,2.57032844,2.932964507
2.808585711,2.7623343,2.806710654,1.971685171,3.058593341,3.105844783,2.078188421,2.312570574,2.360197027,2.620704978,2.715582873,2.929089389,2.484700827,2.636705466,2.929589404
2.75645912,2.771459578,2.807585681,1.552047365,3.007341777,3.095344462,2.137940245,2.272819361,2.398573199,2.602454421,2.57982873,3.038217719,1.966935026,2.598454299,2.978090884
2.868962554,2.764334361,2.79346025,1.517921323,3.025717338,3.096969512,2.102939177,2.400198248,2.380822657,2.44219953,2.229443037,3.024467299,2.724583148,2.580828761,2.978465896
2.759584216,2.754834071,2.791710196,1.543672109,3.047342998,3.091469344,2.081063509,2.374322459,2.385447798,2.461075106,2.660831202,3.0048417,2.857587207,2.79608533,2.972215705
2.695582263,2.753084017,2.826586261,1.179661,3.016717063,3.089469283,2.013311441,2.456199957,2.36094705,2.451199805,2.651330912,2.976340831,1.338040834,2.641830622,2.960840358
2.743583728,2.747083834,2.518201849,1.207536851,2.989466231,3.097344523,2.067438093,2.439449446,2.395198096,2.462700156,2.7000824,2.962590411,1.457669485,2.803335551,2.972465712
2.745708792,2.751833979,2.604454482,1.665800836,3.06346849,3.085469161,1.998685995,2.457700003,2.389572924,2.25019367,2.639330546,2.987591174,2.609829646,2.698332347,2.960840358
2.826711264,2.780959868,2.53820246,1.921808649,3.068218635,3.093344401,2.087063692,2.433824274,2.376197516,2.591579089,2.697207312,3.039842769,1.210286935,2.576203619,2.93896469
2.919839106,2.823711173,2.526327097,1.997435957,3.07559386,3.104219733,2.169941221,2.45857503,2.378322581,2.491326029,2.797960387,2.9753408,2.271194311,2.669206458,2.955465194
2.781959899,2.748708884,2.65520603,1.913558397,3.034717612,3.09459444,2.079063448,2.482950774,2.35832197,2.567453352,2.834961516,2.963590442,2.827711295,2.85508713,2.969465621
2.801960509,2.773334635,2.541077548,1.853806574,3.04546794,3.093219398,2.055437727,2.478825648,2.28981988,2.642955657,2.79971044,2.941214759,1.757053621,2.726833216,2.941339763
2.812835841,2.774709677,2.592704123,2.24494351,3.069218665,3.104719749,2.027936888,2.520451918,2.419323832,2.580828761,2.801835505,2.877087802,2.6378305,2.719833003,2.925714286
2.758459181,2.799460433,2.581203772,2.15219068,3.058718345,3.102969695,2.063437971,2.540327525,2.430699179,2.651830927,2.902463576,2.923589221,1.715802362,2.677956725,2.958340281
2.770459548,2.795210303,2.84558684,2.380447645,2.999216529,3.125720389,2.079063448,2.489200964,2.369197302,2.568453383,2.859212256,2.868712546,1.821180578,2.706082583,2.925964293
2.801585498,2.804835597,2.854462111,2.223567858,3.037967711,3.126345408,2.032687033,2.462450148,2.384697775,2.661331217,2.852212043,2.869962584,1.188411267,2.805835627,2.981590991
2.784834986,2.784459975,2.834336497,2.350196722,3.046092959,3.122095279,2.086688681,2.456199957,2.442699545,2.715082858,2.813085849,2.834586505,1.303539781,2.671706534,2.933089511
2.799585437,2.774334666,2.839961669,2.194441969,3.042592853,3.124470351,1.994685873,2.469575365,2.41957384,2.731083346,2.751458968,2.851712027,1.34216596,2.645205725,2.933089511
2.805960631,2.787210059,2.833586474,2.160315928,3.045217933,3.123095309,2.02343675,2.454074892,2.38257271,2.721083041,2.784209967,2.905963683,1.043156835,2.579578722,2.922839198
2.79708536,2.795085299,2.833336467,2.370072329,3.042467849,3.122970305,2.086938688,2.437324381,2.37632252,2.59457918,2.867962523,2.894088321,1.880432386,2.798210395,2.919714103
2.753709037,2.795585314,2.857462203,2.233443159,3.039592761,3.132845607,2.033812067,2.460200079,2.317070711,2.736208502,2.817585986,2.835586535,1.405792901,2.668081423,2.919089084
2.781459883,2.786210028,2.846211859,2.198192083,3.036217658,3.134095645,2.01981164,2.487575915,2.308195441,2.711332743,2.823711173,2.867712516,0.786899014,2.866462477,2.945589892
2.795210303,2.808085696,2.845961852,2.12793994,3.01596704,3.134970672,2.11156444,2.467325297,2.360197027,2.717332926,2.813210852,2.85146202,0.973029695,2.735333476,2.928839381
2.771459578,2.797585376,2.859837275,2.234943205,3.030217475,3.132595599,1.95330961,2.525452071,2.372322398,2.724833155,2.74170867,2.877462813,1.022531205,2.658081118,2.923839228
2.811460799,2.80133549,2.849211951,2.259068941,3.016967071,3.135720695,1.913558397,2.483200781,2.350071718,2.704582537,2.864462416,2.834836512,1.224412366,2.71483285,2.928964385
2.811460799,2.800210456,2.86458742,2.280694601,3.041592822,3.136845729,1.922308664,2.461075106,2.354446852,2.703332499,2.813210852,2.853712088,0.949403974,2.595579211,2.897463424
2.827461287,2.802210517,2.865462447,2.290944914,3.052968169,3.135970702,2.144065432,2.444074587,2.344196539,2.727708243,2.776834742,2.895338359,1.36741673,2.625830134,2.912963897
2.774334666,2.820586077,2.870712607,2.220067751,3.028592425,3.135970702,2.093188879,2.510451613,2.290069887,2.736833522,2.796460341,2.883713004,1.09053328,2.791960204,2.973465743
2.788460097,2.810210761,2.89146324,2.465700247,3.035467635,3.134095645,2.047062471,2.553327921,2.393198035,2.730833338,2.75708414,2.814835902,2.113189489,2.683206885,2.904588641
2.723708121,2.820086062,2.87933787,2.201817194,3.045592944,3.13097055,1.96968511,2.46120011,2.381947691,2.702082461,2.410323557,2.830336375,2.740958647,2.722083071,2.924339244
2.765459395,2.79446028,2.880712912,2.182066591,3.050718101,3.130595538,1.980935453,2.445324625,2.401198279,2.748958892,2.399073214,2.776584735,2.816710959,2.720458022,2.912713889
2.744833766,2.794210273,2.875962767,2.267944212,3.030467483,3.133720634,2.08568865,2.443074557,2.425574023,2.743833735,2.428824122,2.869587573,1.332040651,2.73645851,2.92521427
2.769459517,2.815710929,2.875462752,2.277944517,3.030092471,3.132345592,1.983560533,2.483325785,2.433199255,2.67683169,2.501326334,2.87571276,0.749147862,2.860087283,2.931464461
2.739333598,2.830711386,2.888588153,2.26556914,3.038467727,3.131095553,2.065313028,2.418323801,2.387947874,2.571203467,2.502076357,2.862712363,0.802774499,2.729458296,2.873212683
2.709832698,2.845711844,2.887213111,2.277944517,3.029092441,3.133095614,2.058187811,2.405073397,2.35044673,2.621955016,2.46907535,2.775209693,0.881651906,2.757709159,2.901338542
2.647955809,2.839586657,2.88258797,2.274694418,3.036967681,3.134095645,2.094688925,2.422073916,2.378822596,2.442949553,2.457074984,2.770459548,1.117909116,2.6837069,2.893463301
2.670331492,2.839961669,2.884213019,2.308070437,3.033842586,3.135720695,2.147190527,2.456574969,2.341446455,2.495826167,2.533077303,2.801710501,0.656770043,2.729083285,2.905713675
2.686831996,2.831336406,2.877462813,2.431199194,3.035842647,3.135845698,2.129314982,2.458325022,2.330571123,2.497076205,2.55395294,2.860087283,0.733897397,2.82983636,2.945339885
2.6705815,2.82558623,2.883838008,2.241568407,3.034092593,3.134970672,1.978685385,2.426574053,2.293319987,2.525952086,2.811585803,2.781834895,1.280539079,2.696457289,2.91208887
2.573953551,2.816585955,2.854962127,2.139190283,3.007591784,3.12509537,1.946559404,2.383697745,2.316070681,2.660206183,2.787085055,2.818961028,0.808774682,2.693457198,2.959215308
2.68958208,2.818086001,2.856837184,2.103189184,3.03334257,3.119220191,1.941059236,2.400948271,2.339946409,2.670831507,2.687832026,2.89208826,0.883401959,2.663956297,2.986091128
2.654581011,2.830086367,2.84883694,2.310320505,3.031092502,3.117845149,1.988435682,2.358821986,2.426199042,2.691707144,2.730208319,2.820961089,0.909402753,2.690207099,2.951340068
2.580328745,2.827336283,2.851587024,2.330071108,3.019967162,3.115970092,1.950934538,2.310695517,2.421573901,2.69583227,2.792085208,2.787835078,0.69764629,2.650830897,2.944339854
2.51495175,2.831086398,2.847461898,2.421073885,3.008966826,3.116220099,2.018686605,2.319445784,2.385697806,2.671956542,2.701957457,2.801460494,0.821650075,2.591454085,2.925589282
2.461575121,2.833836482,2.844336802,2.188191778,3.005591723,3.111844966,2.029061922,2.302195257,2.3625721,2.733958434,2.780584857,2.896338389,0.830650349,2.730208319,2.968215583
2.640955596,2.855337138,2.840586688,2.32357091,3.0375927,3.121220252,1.860181768,2.339571398,2.375947508,2.479325663,2.785209998,2.84196173,2.550077822,2.639830561,2.917214026
2.567953368,2.83608655,2.84721189,2.126564898,2.977590869,3.113845027,1.966435011,2.358696982,2.352196783,2.72595819,2.673081576,2.819336039,1.103408673,2.564703269,2.89471334
2.519076876,2.833961486,2.848961943,2.05718778,2.981966002,3.109594897,1.902808069,2.37044734,2.335446272,2.605204505,2.716957915,2.794210273,0.961779351,2.577578661,2.911338847
2.407698477,2.824211188,2.842461745,2.1004391,2.965590503,3.112219977,1.949809503,2.383822748,2.292944975,2.631580309,2.758334178,2.788710105,0.804274545,2.533202307,2.922964202
2.517076815,2.821586108,2.836586566,2.062562944,2.877712821,3.112594989,1.882307443,2.410698569,2.321195837,2.639955565,2.783709952,2.818586016,0.722897061,2.581828791,2.925089267
2.470075381,2.825461226,2.841211707,2.08468862,2.885088046,3.114970061,1.907808222,2.424698996,2.367072237,2.646080752,2.76070925,2.816335948,0.750272897,2.723458113,2.91996411
2.479200659,2.820586077,2.847961913,2.199942137,2.962715415,3.118720176,1.938184149,2.436074343,2.43107419,2.666831385,2.832836451,2.816585955,0.736272469,2.798335398,2.942964812
2.584328867,2.822211127,2.844461806,2.414448683,2.627705191,3.119220191,2.023311747,2.408323496,2.412198614,2.681331828,2.804835597,2.832086428,0.724772118,2.741333659,2.92421424
2.529577197,2.821711112,2.850962004,2.295820063,2.91896408,3.120470229,2.050812586,2.413198645,2.414698691,2.686081973,2.775334696,2.803335551,0.824525163,2.698207343,2.917964049
2.507951537,2.827336283,2.847961913,2.256568865,3.023342265,3.119720206,1.993685842,2.42844911,2.413323649,2.713707816,2.792460219,2.707207617,0.861276284,2.673081576,2.935964599
2.415448714,2.82721128,2.857962218,2.362822108,3.019217139,3.117345134,1.99656093,2.443324564,2.343196509,2.709707694,2.887088107,2.787085055,1.09053328,2.819211035,2.949840022
2.544077639,2.829086337,2.863087374,2.440199469,3.005216712,3.120845241,2.098939055,2.493576098,2.310570513,2.699582385,2.864087405,2.864712424,0.779273782,2.830336375,2.91733903
2.667206397,2.83246144,2.857587207,2.315445662,3.001716605,3.116345103,2.226442946,2.503326395,2.316570696,2.69745732,2.805210608,2.86621247,1.840181158,2.851337016,2.956840236
2.631705313,2.835961547,2.861837336,2.395698111,3.024342296,3.111094943,2.21281753,2.485200842,2.325945982,2.745833796,2.790960173,2.878962859,0.729772271,2.695582263,2.910338816
2.557328043,2.82558623,2.862337352,2.16006592,3.008841823,3.108719871,2.224692892,2.461825129,2.305695364,2.763084323,2.882087954,2.870587603,0.74677279,2.814210883,2.966840541
2.561828181,2.825836238,2.878962859,2.336321299,3.017467086,3.120970244,2.180191534,2.472325449,2.305820368,2.757334147,2.853837092,2.865587451,0.901277505,2.791710196,2.943089816
2.58407886,2.815835932,2.884213019,2.366572222,3.012841945,3.117595141,2.232943144,2.432449232,2.271569323,2.715332865,2.843961791,2.860712302,0.720396985,2.693832209,2.924464248
2.601579394,2.826086245,2.8704626,2.289194861,2.936089602,3.11984521,2.209192419,2.461950133,2.288069826,2.729458296,2.778459792,2.883588,0.811274758,2.713332804,2.978840907
2.57032844,2.816335948,2.886338084,2.394448073,3.001341594,3.121595264,2.218567705,2.477825617,2.341196448,2.591704093,2.84033668,2.822711142,0.786524003,2.718832972,2.961840388
2.490325999,2.807085665,2.88883816,2.378447584,3.005966735,3.118220161,2.199692129,2.480575701,2.320320811,2.477325602,2.815335917,2.818586016,1.345166051,2.657331095,2.944964873
2.489075961,2.812460829,2.892963286,2.261444014,3.001966613,3.11884518,2.186566729,2.447699698,2.358446974,2.646580767,2.793085238,2.811460799,0.816399915,2.766209418,2.966965545
2.497951231,2.811960814,2.88883816,1.88055739,2.998091494,3.115095065,2.156815821,2.417573778,2.366197211,2.70170745,2.747208838,2.801085482,2.003186132,2.73808356,2.929714408
2.406573443,2.812960845,2.886713095,2.233068148,2.992216315,3.113720023,2.139315287,2.462950163,2.322195868,2.628955229,2.772709616,2.86458742,1.344541032,2.709957701,2.90683871
2.570453444,2.821711112,2.879712882,2.064438002,2.998841517,3.11297,2.151315653,2.47595056,2.296820093,2.7623343,2.836211554,2.879712882,1.153535203,2.892213263,2.964590472
2.555953001,2.834211493,2.878837855,2.179941527,3.000591571,3.113345012,2.159315897,2.454699911,2.277069491,2.754834071,2.73120835,2.797710379,1.566422803,2.794960295,2.895463363
2.481825739,2.839961669,2.86983758,2.095563952,3.007966796,3.118720176,2.182316599,2.463325175,2.184941679,2.363072115,2.708457656,2.897838435,2.47757561,2.840836695,2.978715903
2.51920188,2.804210578,2.828336314,2.112689474,3.006591754,3.109219886,2.186691733,2.491076022,2.271694327,2.409198523,2.709207678,2.81771099,2.242943449,2.721583056,2.983466048
2.506076479,2.811960814,2.840836695,2.068688131,3.005966735,3.103719718,2.173316324,2.488200934,2.272819361,2.613829768,2.710207709,2.834086489,1.833180944,2.703082492,2.960965361
2.227692984,2.80233552,2.832961455,1.936059084,2.999716544,3.098344554,2.185066683,2.457199988,2.28294467,2.618454909,2.620079958,2.842461745,2.136440199,2.737208533,2.983091037
2.408198492,2.804710593,2.830461379,2.0086863,2.98646614,3.091844356,2.189191809,2.47595056,2.287444807,2.542202582,2.580328745,2.795460311,2.702457472,2.727583239,2.983591052
2.297195105,2.80296054,2.832961455,2.263194067,2.979465926,3.09559447,2.200567156,2.475075533,2.23969335,2.591454085,2.654331004,2.806460646,2.532452284,2.708707663,2.973840754
2.256193854,2.802710532,2.832586444,2.215942625,2.981090976,3.093094394,2.184816675,2.479450667,2.2413184,2.555202979,2.685206946,2.784459975,2.465950255,2.770959563,2.978715903
2.223442854,2.803335551,2.834086489,2.124189825,2.983466048,3.085469161,2.191066866,2.471325419,2.240943388,2.589454024,2.6673314,2.759334208,1.691176611,2.721958068,2.997091464
2.240818384,2.812710837,2.83246144,2.111689444,2.99009125,3.08771923,2.186691733,2.46382519,2.263694082,2.577953673,2.763709342,2.792085208,1.276413953,2.622955046,2.980340953
2.254568804,2.805335612,2.815460921,1.980685446,2.992216315,3.106344798,2.186816736,2.444199591,2.295445051,2.647080782,2.692457167,2.890088198,1.864806909,2.574203558,2.980215949
2.490075991,2.84558684,2.740458632,2.444324595,2.99009125,3.109969909,2.086563677,2.50970159,2.256193854,2.648205817,2.768709494,2.781084872,1.982310495,2.546702719,2.950215033
2.437074374,2.830961394,2.836461562,2.147315531,3.005091708,3.08609418,2.128689962,2.485575854,2.3298211,2.572828516,2.883087985,2.936714621,2.886963103,2.807835688,2.992841334
2.597329264,2.841836726,2.836836573,2.216942656,3.00121659,3.104469741,2.104564226,2.524202033,2.349196692,2.573703543,2.873337687,2.935214576,2.130315012,2.628955229,2.976465835
2.518451857,2.846586871,2.841711722,2.185066683,3.045592944,3.093344401,2.076063356,2.457574999,2.381072665,2.437699393,2.824961211,2.785585009,2.063562975,2.46545024,2.928214362
2.417323771,2.840711692,2.826211249,2.136690207,3.033717582,3.089844295,2.124439833,2.507576525,2.346696615,2.410823572,2.762709311,2.850086978,2.715707877,2.598079287,2.949089999
2.423323954,2.835336528,2.834086489,2.115064547,3.040342784,3.09721952,2.130940031,2.49495114,2.341946471,2.340696432,2.674581622,2.77708475,1.943934324,2.713582812,2.920589129
2.436574358,2.832211432,2.829586352,2.095688955,3.046592975,3.098344554,2.139565294,2.504826441,2.355446883,2.494201117,2.681331828,2.831711417,2.741583666,2.754459059,2.928964385
2.333446211,2.830086367,2.834586505,2.079563463,3.038342723,3.100219611,2.133690115,2.497826228,2.386322825,2.432324229,2.67420661,2.794085269,2.636455458,2.767334452,2.917964049
2.29607007,2.82983636,2.815585925,1.814305368,3.036592669,3.093094394,2.145565477,2.495201147,2.404698386,2.356821924,2.82721128,2.904588641,2.09093881,2.851337016,2.929839412
2.59882931,2.83671157,2.822836146,2.325695975,3.041092807,3.103219703,2.137940245,2.515451765,2.450449782,2.321445845,2.772584613,2.77808478,1.030281442,2.709332682,2.905963683
2.447699698,2.836961577,2.834461501,2.148815577,3.036592669,3.09396942,2.136065188,2.499576281,2.440949492,2.498201239,2.721083041,2.776709738,1.741553148,2.73120835,2.925714286
2.361947081,2.829711356,2.844211798,2.008811304,3.039592761,3.087219214,2.144190435,2.473825495,2.426574053,2.424573992,2.697332316,2.774084658,1.31791522,2.676956694,2.900838527
2.40419837,2.837961608,2.84983697,1.944059328,3.039342753,3.087969237,2.142065371,2.437574389,2.430199164,2.730458327,2.699332377,2.756584124,1.266413648,2.681331828,2.901713553
2.375697501,2.841461715,2.85771221,2.122439772,3.039717765,3.090969329,2.14794055,2.432949248,2.412573626,2.608954619,2.790960173,2.723458113,2.211567492,2.778584796,2.8999635
2.315195654,2.8377116,2.857587207,1.936059084,3.028717429,3.095219459,2.142190374,2.445449629,2.4084485,2.667706412,2.686706992,2.748458876,2.488825953,2.73645851,2.921964171
2.255318827,2.827961303,2.854587115,2.091813837,3.023717277,3.089969298,2.19481698,2.438449416,2.434699301,2.659081149,2.617579882,2.737958556,1.844806299,2.847086886,2.93471456
2.457950011,2.838086612,2.825836238,2.490826014,3.06084341,3.0998446,2.198567095,2.476950591,2.398698202,2.710082705,2.732458388,2.799585437,2.809585742,2.714457839,2.871337626
2.449449751,2.845836848,2.803585559,2.201567186,3.041342814,3.10246968,2.192816919,2.483075777,2.402698325,2.64995587,2.692332163,2.7623343,1.275413923,2.768709494,2.896963408
2.360447035,2.846836879,2.812710837,2.282194647,3.028217414,3.105719779,2.198442091,2.480825709,2.360447035,2.706457595,2.667831416,2.744083743,0.75302298,2.72008301,2.873837703
2.245943541,2.842336741,2.815835932,2.237943297,3.024217292,3.101344646,2.21019245,2.501076327,2.359322001,2.700332408,2.738333567,2.715207862,1.822430616,2.835586535,2.915338969
2.273694388,2.840211676,2.85246205,1.82680575,3.045967956,3.106844813,2.173941343,2.496076174,2.338571368,2.682206854,2.644580706,2.78233491,2.817835994,2.728833277,2.931589465
2.424698996,2.845961852,2.851837031,2.137065218,3.046967986,3.104969756,2.160690939,2.470450392,2.372947417,2.669081454,2.629580248,2.718957976,1.03515659,2.732333384,2.942089785
2.574703574,2.845836848,2.851337016,1.936934111,3.043967895,3.103969726,2.21644264,2.549702811,2.400198248,2.660456191,2.595329203,2.794085269,1.482545244,2.73483346,2.960340342
2.605579516,2.846961882,2.845836848,2.089813776,3.046217963,3.107219825,2.214817591,2.561578173,2.343446516,2.455199927,2.7295833,2.68533195,1.618549394,2.732833399,2.918839076
2.611454695,2.843961791,2.836211554,2.063562975,3.044717917,3.104594745,2.157315836,2.540577532,2.404823389,2.660331187,2.701957457,2.655456038,1.575048067,2.668706442,2.92683932
2.589204016,2.841461715,2.831961425,2.308320444,3.046467971,3.128220466,2.178066469,2.521451949,2.451949828,2.711707755,2.781959899,2.672831568,1.519421369,2.779959838,2.918464064
2.618079897,2.849586962,2.839711661,2.423823969,3.04709299,3.11984521,2.080938505,2.543327616,2.451449812,2.683956908,2.760084231,2.665706351,1.5499223,2.676081668,2.897838435
2.582078799,2.846961882,2.833336467,2.1495656,3.048468032,3.119345195,2.101939146,2.547327738,2.392823023,2.689082064,2.715457869,2.620954985,1.293539476,2.697082308,2.906588702
2.535077364,2.847711905,2.839211646,2.13156505,3.048218024,3.125470382,2.085063631,2.55295291,2.378197577,2.709957701,2.690082095,2.637080477,1.347041108,2.705457564,2.948214972
2.628705222,2.847336894,2.845711844,2.33932139,3.056343272,3.138220771,2.106814295,2.550952849,2.457825007,2.687207007,2.659956175,2.796335337,1.744178228,2.658331126,2.890838221
2.558578082,2.82558623,2.858212226,1.952934599,3.016967071,3.108219855,1.982060488,2.519701895,2.36782226,2.64995587,2.690832118,2.843336772,1.191411359,2.809335734,2.906963713
2.643705679,2.820211066,2.839211646,2.058437819,3.044967925,3.117720145,2.040562273,2.523827021,2.409323527,2.669331462,2.665081332,2.836461562,1.46866982,2.65845613,2.924464248
2.724958159,2.815210913,2.845836848,2.221067782,3.024842311,3.126345408,2.060562883,2.545452681,2.407823481,2.693707205,2.718207953,2.788835108,1.187536241,2.639580554,2.919589099
2.679581774,2.818336009,2.854837123,2.28981988,3.027842402,3.1293455,2.076438368,2.474450514,2.36782226,2.683581896,2.623205054,2.769459517,1.387417341,2.638330515,2.887963134
2.515076754,2.799835444,2.852587054,2.021811701,3.000966582,3.119345195,2.054437696,2.463575182,2.363822138,2.646705771,2.586078921,2.68895706,1.070782678,2.616829859,2.873212683
2.354196844,2.795585314,2.850711997,2.031061983,3.004716697,3.113345012,2.105814264,2.465575243,2.37307242,2.588578997,2.592329112,2.733333415,1.06628254,2.602579424,2.890588214
2.264569109,2.798210395,2.844461806,1.917433515,3.010466872,3.108219855,2.074938322,2.43532432,2.39469808,2.762709311,2.485700858,2.647205786,0.820025025,2.865337443,2.969465621
2.418448805,2.799960448,2.844961821,2.2249429,3.014717002,3.113220008,2.108689352,2.438949431,2.356071902,2.761959288,2.555452986,2.674706626,1.587298441,2.743958739,2.902838588
2.298070132,2.793835261,2.831961425,1.998810999,2.994966399,3.10509476,2.133315104,2.434449293,2.40419837,2.757709159,2.732708396,2.720708029,1.480920194,2.86196234,2.949465011
2.343071505,2.795960326,2.833711478,2.364072146,2.995091403,3.107969848,2.064688009,2.46545024,2.394073061,2.784584979,2.775084689,2.652830958,2.188316782,2.823336161,2.942214789
2.467325297,2.799460433,2.824961211,2.423573962,3.006091739,3.109719901,2.09093881,2.481700735,2.377947569,2.786085025,2.683331889,2.740083621,1.225787408,2.776584735,2.934589557
2.488325938,2.798835414,2.829711356,2.366447218,3.000341563,3.111094943,2.135690176,2.482450758,2.391447981,2.773709647,2.642330638,2.703082492,1.126284371,2.839711661,2.961715384
2.404573382,2.805335612,2.831711417,2.485950865,3.000341563,3.105719779,2.091938841,2.484575823,2.374072451,2.760584246,2.914213935,2.733708426,1.049032014,2.886838099,2.95371514
2.407823481,2.803210547,2.835836543,2.508451552,3.021842219,3.105719779,2.142190374,2.475450545,2.334571245,2.720333018,2.798210395,2.819961058,1.578548173,2.824086184,2.878712851
2.553327921,2.829586352,2.807460677,2.590329051,3.021967223,3.127345439,2.101814142,2.323445906,2.425449019,2.753334025,2.867712516,2.876212775,1.784304453,2.910213813,2.87671279
2.55820307,2.834961516,2.86983758,2.673831599,3.009341838,3.132095584,2.110439405,2.389697928,2.436324351,2.644455702,2.883087985,2.89308829,1.203786737,2.873962706,2.848961943
2.35832197,2.826711264,2.726458205,2.455199927,2.99596643,3.125470382,2.063187963,2.396698141,2.454699911,2.764084353,2.825211219,2.809335734,1.49617066,2.862337352,2.852212043
2.473450484,2.833961486,2.842336741,2.323195898,2.984966094,3.087969237,2.125814875,2.405573412,2.431949217,2.738833583,2.813835871,2.836586566,0.917027985,2.837336589,2.880712912
2.382947722,2.832836451,2.846086856,2.363822138,2.974715781,3.10509476,2.160815943,2.414073672,2.488700949,2.775084689,2.806335643,2.8377116,1.159910398,2.831836421,2.846836879
2.410323557,2.838586627,2.849586962,2.404948393,2.980340953,3.11034492,2.12631489,2.425199011,2.507951537,2.713207801,2.758334178,2.860712302,1.567172826,2.853837092,2.927089328
2.519076876,2.836336558,2.845211829,2.197192053,2.984466079,3.114220038,2.130315012,2.417448775,2.495826167,2.396073122,2.809085726,2.792835231,0.793399213,2.843836787,2.906588702
2.406698447,2.828836329,2.846086856,2.327946043,2.985466109,3.118970183,2.085063631,2.380197638,2.495201147,2.743458724,2.709957701,2.891713248,0.70614655,2.832836451,2.951590075
2.512701682,2.83346147,2.837086581,2.243318461,2.974840785,3.105469771,2.111439436,2.401948302,2.489450972,2.751333964,2.784459975,2.83246144,1.273288858,2.764834376,2.921839167
2.238443312,2.828086306,2.832336436,2.372447401,2.981340983,3.121220252,2.119064669,2.427199072,2.45007477,2.781209876,2.674706626,2.835211524,2.324070925,2.804585589,2.948339976
2.601829402,2.829211341,2.844211798,2.312070559,2.967590564,3.09459444,2.107689322,2.365322184,2.409823542,2.785710013,2.703957518,2.931339457,1.717802423,2.846211859,2.97696585
2.60932963,2.83346147,2.831836421,2.273694388,2.962590411,3.104969756,2.118064638,2.376572527,2.406073428,2.685956969,2.677456709,2.801460494,1.483670278,2.795335307,2.920964141
2.382322703,2.832211432,2.832211432,2.272944365,2.942214789,3.114220038,2.153065706,2.358196966,2.466950285,2.381322672,2.658706137,2.838211615,1.769929014,2.787460067,2.93108945
2.462575152,2.835336528,2.840211676,2.269444258,2.933839534,3.10084463,2.131065035,2.380197638,2.490951018,2.712082766,2.666206366,2.848461928,0.642769616,2.78658504,2.921839167
2.496826197,2.834336497,2.840586688,2.152065676,2.880587909,3.10246968,2.136065188,2.403448347,2.530577227,2.704957549,2.601829402,2.807960692,1.35529136,2.786835047,2.911463851
2.424949004,2.832961455,2.8377116,2.243568468,2.874587725,3.097594531,2.173441328,2.409573534,2.476200568,2.762584307,2.642580645,2.801710501,2.770584552,2.767209449,2.909838801
2.55032783,2.835711539,2.84196173,2.226317942,2.97696585,3.096344493,2.167691153,2.450949797,2.503701407,2.796460341,2.641080599,2.792835231,1.167910642,2.80296054,2.934214545
2.492576067,2.837336589,2.838711631,2.126189886,2.976340831,3.092844386,2.155690786,2.462325144,2.524077029,2.780584857,2.556578021,2.783834956,1.419668325,2.77183459,2.897713431
2.520076907,2.846586871,2.831086398,2.153440718,2.983966063,3.094219428,2.144440443,2.441074496,2.493951109,2.602079409,2.529577197,2.814210883,0.66452028,2.743833735,2.920839137
2.525702078,2.85146202,2.833336467,2.125689871,2.985466109,3.095344462,2.148565569,2.471075411,2.475325541,2.746083804,2.502576373,2.821086093,1.166660604,2.78758507,2.945464888
2.490200995,2.845836848,2.838086612,2.127564928,2.988966216,3.093469405,2.183566637,2.457449995,2.50445143,2.773834651,2.563328227,2.800585467,1.260163457,2.814335887,2.903088595
2.313195593,2.846336863,2.843836787,2.21381756,2.983966063,3.081469039,2.16794116,2.41269863,2.484450819,2.779209815,2.53232728,2.804085574,0.867151463,2.794335276,2.90783874
2.386322825,2.847461898,2.839711661,2.183816645,3.001966613,3.093469405,2.176941435,2.442949553,2.47757561,2.761459273,2.522076968,2.792835231,1.185411176,2.7754597,2.907338725
2.384072756,2.850086978,2.837586596,2.162440992,2.999341533,3.096969512,2.188066774,2.441199499,2.47857564,2.763084323,2.538702475,2.764209357,1.005905698,2.828586322,2.89471334
2.285694754,2.854462111,2.835461531,2.17381634,3.00221662,3.098094546,2.187566759,2.448324717,2.479950682,2.711207739,2.593704154,2.800085452,1.295664541,2.802710532,2.900213507
2.395823115,2.856462172,2.835961547,2.193941954,3.001716605,3.098844569,2.145940489,2.429824152,2.481575732,2.612829737,2.558578082,2.849586962,1.594923673,2.845211829,2.977090854
2.581328776,2.845461837,2.843336772,2.184566668,2.99009125,3.092594378,2.186066713,2.388822901,2.45957506,2.202942228,2.593079134,2.762709311,2.41632374,2.776209723,2.969465621
2.531452254,2.842336741,2.84721189,2.245443525,2.991841304,3.090969329,2.18169158,2.371697378,2.490951018,2.227692984,2.573203528,2.763834346,0.98140495,2.808585711,2.948214972
2.487825922,2.845211829,2.846211859,2.273569384,2.984466079,3.097969543,2.167441145,2.372322398,2.463450179,2.213317545,2.496451186,2.772459609,1.38904239,2.792460219,2.95634022
2.466075259,2.84033668,2.845836848,2.358696982,2.986091128,3.090719321,2.180441542,2.381197668,2.472325449,2.790335154,2.447199683,2.740083621,1.718302438,2.859462264,2.949215003
2.461075106,2.843836787,2.84196173,2.362697104,2.994841395,3.089094272,2.167191137,2.382697714,2.475700552,2.779084811,2.371697378,2.771334574,0.835275491,2.738958586,2.928339366
2.359322001,2.838586627,2.836586566,2.305195349,2.986716147,3.089969298,2.168191168,2.364572161,2.476575579,2.777584765,2.333696219,2.773459639,0.789524094,2.741833674,2.95109006
2.496576189,2.834586505,2.858587237,2.313945616,3.006091739,3.114470046,2.071563219,2.371197363,2.480075686,2.747833857,2.678206732,2.811335795,2.827586291,2.846586871,2.983341044
2.605204505,2.819586047,2.795335307,2.356821924,3.040842799,3.10609479,2.044687399,2.420198859,2.467075289,2.770584552,2.728083254,2.802460524,0.625144078,2.846711875,2.982341014
2.550952849,2.824711203,2.840711692,2.044437391,3.028717429,3.084469131,2.062062929,2.450449782,2.426449049,2.756834132,2.80921073,2.773459639,1.533671804,2.820961089,2.966090518
2.5297022,2.828711325,2.836461562,2.15319071,3.029342448,3.089844295,2.10731431,2.466825282,2.347946654,2.759959227,2.723583117,2.794085269,1.549297281,2.881837947,2.981840999
2.645830744,2.823586169,2.819961058,2.200067141,3.005591723,3.078593951,2.100064089,2.428699118,2.406073428,2.807085665,2.737583544,2.729333293,1.160285409,2.784459975,2.929214393
2.25344377,2.819086032,2.812460829,2.059437849,3.011216895,3.092344371,2.102439161,2.444199591,2.435824335,2.801460494,2.687332011,2.733583422,1.683926389,2.804585589,2.930214423
2.404698386,2.821961119,2.814960906,2.072063234,3.005341716,3.088969268,2.121689749,2.440074465,2.433949278,2.806085635,2.712582781,2.755834101,2.680831812,2.813335856,2.926589312
2.287569811,2.82396118,2.810710776,2.037312174,3.00646675,3.085719169,2.125064852,2.442449538,2.415073702,2.802210517,2.621079989,2.602579424,0.822650105,2.802210517,2.902838588
2.168941191,2.821836116,2.810585772,2.091688833,3.005216712,3.084719138,2.160940947,2.438449416,2.406448439,2.795585314,2.624455092,2.561078158,0.99090524,2.803710562,2.888588153
2.187816767,2.82396118,2.811585803,2.093813898,3.020717185,3.07921897,2.202692221,2.420948881,2.419448836,2.802460524,2.629205237,2.633205359,2.314195624,2.812335826,2.887713126
2.202192206,2.823711173,2.815460921,2.084188604,3.018967132,3.082969085,2.186816736,2.421698904,2.439324442,2.812960845,2.658206122,2.698332347,1.634174871,2.822336131,2.910088809
2.208442396,2.815585925,2.822211127,2.160565935,3.014591998,3.082219062,2.185316691,2.400823267,2.416073733,2.804960601,2.786085025,2.646205756,0.836025513,2.874962737,2.893588305
2.071938231,2.815960936,2.818461013,2.202942228,2.999216529,3.077468917,2.098064028,2.426199042,2.391197974,2.808335704,2.696582293,2.716332896,2.433199255,2.844211798,2.885838069
2.301320231,2.81771099,2.8213361,2.186191717,3.004341685,3.079093966,2.108564348,2.421823908,2.404573382,2.805835627,2.652955962,2.667206397,2.379322611,2.778584796,2.872837672
2.154565752,2.81183581,2.821461104,2.09093881,3.004591693,3.077843928,2.12468984,2.428824122,2.448824732,2.776959746,2.590829066,2.638330515,1.674176092,2.817210974,2.897213416
2.119689688,2.812960845,2.824086184,1.972185186,3.007216773,3.077593921,2.144190435,2.443699576,2.462075137,2.778459792,2.595204199,2.527702139,1.366666707,2.813960875,2.911588855
2.207317362,2.807960692,2.825836238,2.031186987,3.007091769,3.080344005,2.16531608,2.446824671,2.479950682,2.767084445,2.650330882,2.477325602,0.941653737,2.77708475,2.886588092
2.274819422,2.805835627,2.827961303,1.947809442,2.989466231,3.080969024,2.131315043,2.44644966,2.450824793,2.775709708,2.561453169,2.686706992,1.383917234,2.746958831,2.954090152
2.445824641,2.806335643,2.830961394,1.987685659,2.984591082,3.077968932,2.1331901,2.438199408,2.461450117,2.782084902,2.470450392,2.555953001,0.946903897,2.717082919,2.918464064
2.311570544,2.809960753,2.828961333,1.933684011,2.965090487,3.077343913,2.137565233,2.433449263,2.4707004,2.769709525,2.387697867,2.543327616,1.244037965,2.743833735,2.888963164
2.30719541,2.812710837,2.827836299,1.901308023,2.951215064,3.076093875,2.138190252,2.435574328,2.46545024,2.793085238,2.380572649,2.510451613,0.803774529,2.780584857,2.88521305
2.351821772,2.814835902,2.82721128,1.894057802,2.952090091,3.075093844,2.129189978,2.441574511,2.430824183,2.807710685,2.467825312,2.417698782,0.852401013,2.696457289,2.908963775
2.2249429,2.820211066,2.825711234,1.947934446,2.692707175,3.070093692,2.126939909,2.446199652,2.426699057,2.809085726,2.620704978,2.632955351,0.660770165,2.742833705,2.90683871
2.300820215,2.818961028,2.819461043,2.010436354,2.791210181,3.077218909,2.137315226,2.445574633,2.411823603,2.805960631,2.673081576,2.575078585,0.720021973,2.763084323,2.885713065
2.320320811,2.819461043,2.816710959,2.043187353,2.9589653,3.068468642,2.144565447,2.39632313,2.442324534,2.798585406,2.646955779,2.698207343,0.787524033,2.771209571,2.957340251
2.533327311,2.825836238,2.819461043,1.991185766,2.997591479,3.07296878,2.143815424,2.403698355,2.439324442,2.804585589,2.712082766,2.699707389,0.994530351,2.737708548,2.932464492
2.542077578,2.829711356,2.818461013,2.165941099,3.000966582,3.071218726,2.130815027,2.431824213,2.433824274,2.797335368,2.632830348,2.711707755,0.678645711,2.695207251,2.91208887
2.34094644,2.830336375,2.813585864,2.079063448,2.96059035,3.077718925,2.13156505,2.42582403,2.419073824,2.79971044,2.633955382,2.56082815,0.905652638,2.841711722,2.947464949
2.41269863,2.821961119,2.812585833,1.980685446,2.94321482,3.072593768,2.123314798,2.45594995,2.431824213,2.798085391,2.642955657,2.660331187,0.634519364,2.768459487,2.952465102
2.381197668,2.820711081,2.813960875,1.995810907,2.941714774,3.071968749,2.127689932,2.439074435,2.401823298,2.795585314,2.557328043,2.5329523,1.014655965,2.750083926,2.90421363
2.353446821,2.822211127,2.810710776,2.071813227,2.939214698,3.071843745,2.124314829,2.434199286,2.387822871,2.785835017,2.539077486,2.481700735,0.640769555,2.696207282,2.876837794
2.260068972,2.819086032,2.806960662,2.111314432,2.938714682,3.074718833,2.119064669,2.451199805,2.410573565,2.787460067,2.575453597,2.472075442,1.076407849,2.739458602,2.90358861
2.233318155,2.819961058,2.798835414,2.235943236,2.954215155,3.083219092,2.109064364,2.426324046,2.418698813,2.75020893,2.541952574,2.470450392,1.033906552,2.681206824,2.879212867
2.379822626,2.821461104,2.796210334,2.224817896,3.002466628,3.081344035,2.112189459,2.413448653,2.441574511,2.66208124,2.55557799,2.503076388,1.098908536,2.703457503,2.897713431
2.409573534,2.827836299,2.808710715,2.103439192,2.977840876,3.080469008,2.135565172,2.421573901,2.483325785,2.654331004,2.699957396,2.438699423,0.782023865,2.686456984,2.854212104
2.386197821,2.817960997,2.809460738,2.197942076,2.974965789,3.084719138,2.090313791,2.433449263,2.458450026,2.653705985,2.629455245,2.474700522,0.865526414,2.69220716,2.889088168
2.473575488,2.820836085,2.813585864,2.23181811,2.941089755,3.079593982,2.102564165,2.452074831,2.496326182,2.653705985,2.640580584,2.446324656,1.000155522,2.672206549,2.880587909
2.403573351,2.823586169,2.81346086,2.170691244,2.934464553,3.080219001,2.088438734,2.432449232,2.453574877,2.661956236,2.852962065,2.670206488,0.748397839,2.802710532,2.907713736
2.443324564,2.825836238,2.818586016,2.363697134,2.95271511,3.109094882,2.085813654,2.448574725,2.463450179,2.65845613,2.820086062,2.723083102,0.619893918,2.823336161,2.874462722
2.557828059,2.818086001,2.80396057,2.308195441,2.928089358,3.087219214,2.073813288,2.423823969,2.471950438,2.640580584,2.659831172,2.576953642,0.978904874,2.640080569,2.862962371
2.49595117,2.816585955,2.775834712,2.302195257,2.92521427,3.090594317,2.074313303,2.440949492,2.475825556,2.648705832,2.643955687,2.540077517,2.498201239,2.640080569,2.897963439
2.485700858,2.816585955,2.784209967,2.337696341,2.923589221,3.093219398,2.085188635,2.429699149,2.466700278,2.65683108,2.650330882,2.500076296,1.260163457,2.652705954,2.883963012
2.471950438,2.819461043,2.781459883,2.268819239,2.923464217,3.096344493,2.096188971,2.421073885,2.472825465,2.653455977,2.681331828,2.530952239,1.035406598,2.66895645,2.863212378
2.480325694,2.823461165,2.78495999,2.306445387,2.923714225,3.096844508,2.096563982,2.413948668,2.453074862,2.644205695,2.669581469,2.589204016,1.188536271,2.65520603,2.90946379
2.467325297,2.816835963,2.786210028,2.260443983,2.93471456,3.096344493,2.093063875,2.412823634,2.448324717,2.621329997,2.671956542,2.542202582,1.122284249,2.527577136,2.89208826
2.407948485,2.816960967,2.790710166,2.228943022,2.933964537,3.087594226,2.092938871,2.399198218,2.465075228,2.545827692,2.572078494,2.458325022,1.049907041,2.567578356,2.9294644
2.356571917,2.816460952,2.792585223,2.224067873,2.9458399,3.094969451,2.09256386,2.398573199,2.451824824,2.541952574,2.726458205,2.537702445,0.843525742,2.800835475,2.906463698
2.3298211,2.81771099,2.77970983,2.27869454,2.937714652,3.086219184,2.094313913,2.395573107,2.424824,2.625830134,2.590204047,2.503326395,1.032281503,2.705957579,2.892213263
2.343071505,2.817335978,2.77970983,2.284944731,2.942089785,3.08871926,2.091063814,2.39632313,2.450824793,2.523076998,2.616954863,2.574828578,0.895027314,2.646580767,2.884838038
2.36357213,2.81771099,2.777334758,2.224692892,2.936089602,3.096094485,2.087063692,2.391197974,2.445699637,2.607829585,2.642955657,2.672456557,0.655520005,2.636580462,2.849461959
2.403698355,2.820211066,2.78133488,2.191941893,2.949590014,3.096344493,2.081063509,2.401948302,2.426949065,2.608954619,2.53657741,2.64470571,0.927778314,2.596829249,2.871212622
2.438949431,2.82396118,2.780959868,2.190191839,2.941464766,3.09396942,2.087188696,2.387947874,2.441824519,2.610579669,2.560703146,2.666956389,1.036281625,2.733458419,2.954215155
2.731083346,2.829336344,2.777209754,2.146940519,2.934089541,3.08609418,2.077688406,2.350196722,2.440199469,2.580453749,2.710957732,2.69845735,1.527296609,2.77283462,2.855462142
2.515201758,2.812835841,2.789460128,2.226442946,2.934964568,3.088469253,2.078313425,2.333696219,2.409198523,2.570453444,2.651955931,2.652955962,1.30153972,2.771459578,2.898463454
2.496951201,2.818586016,2.786960051,2.193691946,2.952965117,3.088594256,2.089438765,2.310070498,2.404698386,2.560203131,2.641705618,2.636330454,1.948434462,2.842711753,2.906588702
2.324945952,2.816585955,2.787960082,2.146190497,2.947339946,3.084344127,2.084438612,2.332571184,2.438074404,2.441949522,2.605829524,2.546702719,1.107783807,2.705957579,2.893838313
2.350946745,2.814960906,2.789335124,2.111939451,2.945339885,3.083969115,2.083938597,2.344446547,2.434949309,2.416198737,2.678831751,2.497951231,1.750053407,2.710457717,2.924089236
2.367072237,2.817960997,2.786335032,2.121939756,2.956715232,3.086719199,2.071313211,2.334321238,2.428199103,2.435074313,2.474200507,2.55557799,2.211817499,2.801585498,2.964465468
2.456074953,2.814210883,2.785710013,2.125314859,2.985341105,3.085344157,2.069688162,2.390447951,2.444949614,2.390572954,2.537577441,2.557078036,2.250943693,2.739208594,2.946339915
2.44382458,2.816835963,2.783834956,2.13681521,3.001091586,3.086969207,2.057937803,2.397698172,2.450324778,2.374447462,2.549327799,2.46645027,1.749303385,2.778834803,2.932589496
2.293820002,2.816835963,2.783584948,2.13581518,2.992966338,3.090594317,2.071813227,2.389572924,2.43269924,2.340321421,2.550202826,2.591704093,1.727802728,2.725708182,2.918089053
2.287944823,2.817210974,2.782584918,2.086563677,2.995716422,3.089594287,2.081813532,2.387947874,2.421323893,2.441574511,2.544327647,2.547827754,2.024436781,2.875962767,2.918339061
2.293820002,2.814335887,2.780709861,1.955184668,2.990466262,3.084219123,2.093938902,2.381072665,2.415823725,2.438074404,2.552577898,2.505826472,1.841056185,2.872462661,2.895338359
2.401823298,2.814085879,2.778459792,1.971060152,2.995341411,3.08609418,2.066813074,2.361947081,2.418698813,2.436824366,2.559578112,2.626455153,1.420668355,2.92521427,2.947589953
2.71058272,2.827711295,2.554327952,2.137190222,3.039592761,3.094469436,2.119314676,2.334946257,2.409198523,2.442574541,2.596954253,2.648705832,1.869807062,2.795835322,2.897963439
2.387697867,2.82033607,2.793210242,2.207817377,2.990341258,3.088094241,2.078188421,2.386447829,2.42844911,2.387947874,2.590704062,2.672081545,2.297445112,2.893338298,2.871712638
2.481075716,2.822711142,2.79021015,2.09943907,3.015842036,3.087844234,2.075563341,2.417698782,2.440824488,2.340446425,2.542077578,2.567203345,2.730708335,2.814710898,2.889713187
2.589204016,2.819336039,2.803210547,2.133565111,3.02809241,3.090094302,2.08831373,2.406198431,2.533827326,2.279069552,2.528452162,2.569453413,2.275944456,2.825211219,2.872962676
2.56607831,2.819836055,2.793835261,2.10893936,3.021342204,3.091719352,2.089563768,2.387822871,2.557953063,2.815210913,2.556328013,2.552452895,2.145690481,2.830211371,2.876962798
2.440824488,2.819336039,2.792835231,2.098439039,3.018467116,3.086844203,2.077313395,2.380072634,2.552327891,2.81083578,2.514701743,2.55982812,2.612954741,2.833961486,2.843711783
2.413948668,2.821836116,2.792835231,2.080188482,3.013091952,3.086219184,2.070438185,2.44219953,2.556828028,2.812585833,2.473575488,2.513701712,2.284194708,2.841836726,2.848211921
2.380947661,2.817960997,2.795460311,2.072938261,3.012466933,3.084844142,2.059937864,2.435699332,2.564328257,2.818336009,2.716957915,2.436324351,2.189441816,2.822711142,2.921839167
2.419948851,2.819461043,2.793335246,2.218692709,3.001716605,3.092344371,2.066563066,2.416448744,2.540952544,2.825711234,2.761584277,2.705207556,2.103439192,2.838711631,2.900338511
2.348571673,2.817210974,2.795835322,2.324820948,3.006966765,3.090594317,2.058437819,2.432199225,2.544577654,2.816960967,2.73908359,2.723958129,2.017061556,2.82821131,2.944839869
2.461325114,2.819086032,2.795710318,2.339571398,3.006341746,3.103844722,2.065438032,2.41894882,2.552577898,2.811710807,2.82821131,2.587203955,1.538421949,2.847711905,2.937589648
2.356696921,2.818586016,2.642455641,2.366697226,3.006716758,3.101094638,2.068688131,2.43957445,2.544827662,2.823711173,2.854212104,2.663956297,1.658550615,2.881962951,2.950340037
2.318945769,2.816710959,2.656331065,2.323070894,3.00546672,3.101594653,2.070688192,2.442574541,2.522201971,2.818461013,2.836336558,2.75970922,2.556828028,2.79083517,2.973465743
2.419823847,2.817460982,2.661956236,2.303570299,3.005216712,3.097844539,2.074813318,2.438449416,2.532577288,2.814085879,2.818211005,2.769084506,1.270163762,2.704582537,2.969840632
2.544202643,2.820836085,2.663456282,2.302695273,3.010466872,3.097094516,2.07256325,2.423073946,2.531702261,2.817960997,2.796960356,2.783084933,1.839181127,2.763209326,2.980965972
2.495576159,2.827711295,2.670081484,2.269444258,3.010091861,3.100344615,2.073688284,2.42219892,2.538952483,2.81508591,2.773084628,2.747458846,2.24231843,2.787460067,2.982841029
2.418448805,2.829086337,2.675331645,2.232193121,3.008216803,3.097094516,2.074313303,2.40419837,2.518326853,2.809960753,2.783584948,2.663331278,2.034312082,2.727208228,2.961465377
2.414948698,2.828461318,2.637580493,2.237318278,3.010091861,3.099219581,2.079563463,2.394198065,2.510451613,2.813710868,2.772709616,2.852712058,2.229568041,2.698332347,2.981215979
2.726208197,2.844836818,2.729333293,2.230443068,3.05496823,3.105469771,2.050562578,2.418573809,2.479700674,2.798335398,2.832086428,2.823461165,2.178441481,2.675581652,2.963590442
2.493701102,2.842086734,2.726458205,2.294570025,3.034467605,3.096594501,2.070438185,2.397698172,2.483325785,2.804835597,2.819711051,2.763959349,1.595548692,2.669706473,2.9589653
2.477325602,2.843461776,2.725833186,2.229568041,3.030592486,3.095094455,2.069438154,2.403573351,2.496701193,2.794335276,2.809960753,2.803460555,2.100564104,2.70695761,2.969465621
2.404573382,2.840711692,2.722458083,2.252068728,3.031217505,3.096719504,2.067063082,2.392073,2.51495175,2.793960265,2.80921073,2.812835841,2.133940123,2.800835475,2.991341288
2.33044612,2.839086642,2.723583117,2.215192602,3.030967498,3.096594501,2.060562883,2.394948088,2.515701773,2.794835292,2.788585101,2.786335032,1.785554491,2.616579852,2.964590472
2.407573473,2.836836573,2.722083071,2.238318308,3.026592364,3.095719474,2.061062899,2.420698874,2.507951537,2.800210456,2.805085604,2.786335032,2.20169219,2.756959136,2.962715415
2.402323313,2.836211554,2.630080264,2.310445509,3.025592334,3.123595325,2.083313578,2.417323771,2.52707712,2.781959899,2.84558684,2.749208899,1.9038081,2.849711966,2.958465285
2.358821986,2.830586383,2.585703909,2.292694967,3.033717582,3.105844783,2.114564531,2.437699393,2.543077609,2.657206091,2.832086428,2.693082186,2.099064058,2.706707602,2.9589653
2.370322336,2.829586352,2.718832972,2.28981988,3.032467544,3.102719687,2.112689474,2.421698904,2.528327158,2.672331553,2.777459761,2.646705771,2.14369042,2.699582385,2.984216071
2.29669509,2.831586413,2.717707938,2.224692892,3.031967528,3.102094668,2.117314615,2.425324015,2.2708193,2.665206336,2.776334727,2.669581469,2.367197241,2.700207404,2.994466384
2.271194311,2.83083639,2.699207373,2.343071505,3.019092135,3.100594623,2.08993878,2.428324107,2.502076357,2.641205603,2.85833723,2.751333964,2.448949736,2.758459181,2.986091128
2.489325968,2.816335948,2.637330485,2.526202094,2.973465743,3.119595202,2.134940153,2.430824183,2.490325999,2.676331675,2.84033668,2.776084719,2.362947111,2.721833064,2.987716178
2.496201178,2.822336131,2.616454848,2.483700797,2.928214362,3.114970061,2.130940031,2.449699759,2.402823328,2.414948698,2.8377116,2.716207892,2.299445173,2.812585833,2.970340648
2.471200415,2.824961211,2.769584521,2.371197363,2.930214423,3.113470016,2.125939879,2.444949614,2.50445143,2.69058211,2.801210486,2.686831996,2.407198462,2.761834284,2.966465529
2.480325694,2.822711142,2.53557738,2.095813959,2.933964537,3.118345164,2.125439863,2.423448958,2.49232606,2.688457045,2.784459975,2.678956755,2.555077975,2.789085116,2.968715598
2.539452498,2.822586138,2.567328349,2.15319071,2.960340342,3.117095126,2.121439741,2.373322428,2.481700735,2.791710196,2.802710532,2.673331584,2.574703574,2.729208289,2.975090793
2.51757683,2.822336131,2.684706931,2.24494351,2.96059035,3.115345073,2.118814661,2.429074129,2.457449995,2.799585437,2.774584674,2.822711142,2.378447584,2.660706198,2.966465529
2.543577624,2.815960936,2.671706534,2.270319285,2.949965026,3.114220038,2.11581457,2.396823145,2.455324931,2.812210822,2.749833918,2.78658504,2.601829402,2.784334971,2.957215247
2.468200323,2.813960875,2.737333537,2.209067415,2.980840968,3.111344951,2.13681521,2.407698477,2.450574786,2.440324473,2.688082034,2.778959807,2.785335002,2.824961211,2.963590442
2.498951262,2.811585803,2.738708579,2.238193304,2.980215949,3.112094974,2.139315287,2.445199622,2.436074343,2.820961089,2.843086764,2.812460829,2.646705771,2.711457747,2.94846498
2.432199225,2.812335826,2.741458663,2.289194861,2.667081393,3.114345042,2.135315165,2.426324046,2.46645027,2.798335398,2.837836604,2.798210395,2.488450941,2.726833216,2.970590655
2.416573748,2.815710929,2.730208319,2.372447401,2.716332896,3.111719962,2.147065523,2.435949339,2.424448988,2.712832789,2.789460128,2.76758446,2.401198279,2.657706107,2.95009003
2.710082705,2.813210852,2.65258095,2.319820795,3.060468398,3.116720115,2.096438978,2.463325175,2.43957445,2.759084201,2.701457442,2.766084414,2.230943083,2.596454237,2.963090426
2.654956023,2.812960845,2.668831446,2.409573534,3.068468642,3.131845576,2.010061342,2.49495114,2.451824824,2.659956175,2.622955046,2.787710074,1.438293893,2.408698508,2.886588092
2.530577227,2.796835353,2.715957884,2.156565813,3.008341807,3.109594897,1.963309915,2.450574786,2.474575518,2.659081149,2.747208838,2.78658504,2.124564837,2.767959471,2.968715598
2.720583026,2.814085879,2.873462691,2.423323954,3.045217933,3.137345744,2.063687979,2.468200323,2.409573534,2.46482522,2.723083102,2.828461318,2.006811243,2.719207984,2.942339793
2.767834468,2.814210883,2.869462569,2.44907474,3.043717887,3.136845729,2.098189032,2.487325907,2.364072146,2.666456374,2.51232667,2.751333964,2.207942381,2.664081301,2.940214728
2.59882931,2.804460585,2.857337199,2.401323283,3.035217627,3.130720542,2.105564257,2.513451704,2.371322367,2.670706503,2.520076907,2.748083865,2.352196783,2.765584399,2.942089785
2.588578997,2.800585467,2.856212165,2.317195715,3.033217566,3.127470443,2.029686941,2.5297022,2.416823756,2.534202338,2.68108182,2.760834254,2.375572497,2.824211188,2.924464248
2.53820246,2.804460585,2.868087527,2.534202338,2.845336833,3.132720603,2.052812647,2.501076327,2.37994763,2.685456954,2.848961943,2.762959319,2.423573962,2.872587664,2.874837733
2.471200415,2.790460158,2.876212775,2.611579699,2.644955718,3.137095737,1.990060732,2.40582342,2.391447981,2.715207862,2.791210181,2.78495999,1.795304788,2.768084475,2.720333018
2.375072481,2.808585711,2.820461074,2.653955992,3.001091586,3.132220588,1.992310801,2.436324351,2.452074831,2.746208808,2.893713309,2.806085635,1.017906064,2.845711844,2.745458785
2.253818781,2.811460799,2.888088137,2.609829646,2.995341411,3.142220893,1.999436018,2.406573443,2.373822443,2.766834437,2.872587664,2.777459761,1.262788537,2.834836512,2.748958892
2.29344499,2.817210974,2.876087771,2.571453475,3.007966796,3.134095645,2.037437178,2.390072939,2.442574541,2.712832789,2.812210822,2.798960417,1.296414563,2.774584674,2.852587054
2.280444594,2.81871102,2.870837611,2.556578021,3.006341746,3.133220618,2.070563189,2.366947233,2.448824732,2.778334788,2.800585467,2.744208747,1.712552263,2.733458419,2.782084902
2.115939573,2.81183581,2.864212409,2.454074892,2.95109006,3.131345561,2.000936064,2.355571886,2.439699454,2.784709983,2.758334178,2.757834162,1.670925993,2.817335978,2.836336558
2.414323679,2.811085788,2.868337535,2.467575304,3.007966796,3.119220191,2.02343675,2.387072848,2.450699789,2.760084231,2.805710623,2.677956725,1.336165777,2.833961486,2.831836421
2.020061647,2.810585772,2.870087588,2.468950346,2.99334135,3.120595233,2.017436567,2.415073702,2.458325022,2.752333995,2.806835658,2.713582812,1.973060213,2.749083895,2.824836207
2.146440504,2.816710959,2.870212592,2.367947264,2.99859151,3.116470107,2.010811365,2.421323893,2.46545024,2.64895584,2.743208716,2.704457533,2.52870217,2.719958007,2.800335459
2.186066713,2.816335948,2.86983758,2.355821894,2.983466048,3.10771984,1.99656093,2.424198981,2.477825617,2.737458541,2.830586383,2.672706565,1.774929167,2.735958495,2.799835444
2.177941465,2.8213361,2.872837672,2.364697165,2.792960234,3.106469802,2.060687887,2.442949553,2.461575121,2.736333506,2.875962767,2.749208899,2.372822413,2.711707755,2.885838069
2.371322367,2.821086093,2.872962676,2.353821833,2.747083834,3.108219855,2.052062624,2.436074343,2.469950377,2.725458174,2.884338023,2.722583087,2.155190771,2.754834071,2.912838893
2.402073305,2.820211066,2.869712577,2.348696677,2.891088229,3.114720054,2.060187872,2.473700491,2.425574023,2.772334605,2.8377116,2.660706198,1.829180822,2.749708914,2.890588214
2.308945463,2.826086245,2.876462783,2.37732255,2.775209693,3.116220099,2.076813379,2.425074007,2.447699698,2.76758446,2.805960631,2.655331034,1.647300272,2.764709372,2.940214728
2.320695822,2.817960997,2.859087252,2.342946501,2.638455519,3.117345134,2.029811945,2.416948759,2.459450056,2.711582751,2.789460128,2.748833888,1.828680807,2.757334147,2.92846437
2.282569658,2.823836177,2.860337291,2.255068819,2.977215857,3.11297,2.044312387,2.335821284,2.483950804,2.764209357,2.778209784,2.601204382,1.668675924,2.645580737,2.889963195
2.350071718,2.814210883,2.861337321,2.324695944,2.977840876,3.114345042,2.046937468,2.32194586,2.448699728,2.754084048,2.794585284,2.634455397,1.307414899,2.633205359,2.89733842
2.234943205,2.819711051,2.861087313,2.369197302,2.989966247,3.115845088,2.042812342,2.324195929,2.431824213,2.772084597,2.752709006,2.578203681,1.466669759,2.703582507,2.913338908
2.254693808,2.817835994,2.862962371,2.354571856,2.984216071,3.117720145,2.025436811,2.374197455,2.426699057,2.750083926,2.77445967,2.580453749,1.739178076,2.635330424,2.882962981
2.080188482,2.819586047,2.86358739,2.284819727,2.984716086,3.117595141,2.020936674,2.372572405,2.4379494,2.764334361,2.737083529,2.46807532,1.898057924,2.557078036,2.89308829
2.374947478,2.824836207,2.8672125,2.280694601,3.025342326,3.114345042,2.083688589,2.383947752,2.33932139,2.776584735,2.734083438,2.673956603,1.425668508,2.654956023,2.951965087
2.404698386,2.819086032,2.869962584,2.290319895,3.019217139,3.114345042,2.039687246,2.465200232,2.34782165,2.781584887,2.702582476,2.642580645,1.757178625,2.600204352,2.904338633
2.420698874,2.823086154,2.868712546,2.285069735,3.028467421,3.114345042,2.040937284,2.403323344,1.969935118,2.786710044,2.728833277,2.61257973,2.099314066,2.566828333,2.919464095
2.40419837,2.826086245,2.869337565,2.31144554,3.041217811,3.126095401,1.969810114,2.344196539,2.135190161,2.777584765,2.799335429,2.614954802,2.251693716,2.565203284,2.917964049
2.452074831,2.820836085,2.868337535,2.330571123,3.047468001,3.125345378,2.060687887,2.260568987,2.349946715,2.794335276,2.723958129,2.714957854,2.245443525,2.610329661,2.917839045
2.539077486,2.808460707,2.866962493,2.284319712,3.057468307,3.12409534,2.047562487,2.365697195,2.158315867,2.808335704,2.688457045,2.640580584,1.911933348,2.582828822,2.908338755
2.558078066,2.812835841,2.869087558,2.279569567,3.052593158,3.122595294,2.017311563,2.348696677,2.260568987,2.818836024,2.726333201,2.673581591,2.228693014,2.572578509,2.932839503
2.562828211,2.812335826,2.868587542,2.292069948,3.052468154,3.124595355,1.997060945,2.417073763,2.285694754,2.800835475,2.756709128,2.676581683,2.139315287,2.514201727,2.866712485
2.690332102,2.834836512,2.855712149,2.306195379,3.060093387,3.124220344,1.994060854,2.347196631,2.367072237,2.797710379,2.807960692,2.656456069,1.76030372,2.616329844,2.869712577
